file,line,type,commit,author,date,time,timezone,datetime,depth,length
style.css,1,css,e2ff213f,CherieXiao,2025-01-11,23:15:28,-08:00,2025-01-11T23:15:28-08:00,0,5
style.css,2,css,e2ff213f,CherieXiao,2025-01-11,23:15:28,-08:00,2025-01-11T23:15:28-08:00,0,44
style.css,3,css,e2ff213f,CherieXiao,2025-01-11,23:15:28,-08:00,2025-01-11T23:15:28-08:00,0,43
style.css,4,css,e2ff213f,CherieXiao,2025-01-11,23:15:28,-08:00,2025-01-11T23:15:28-08:00,0,1
style.css,5,css,733d89cb,CherieXiao,2025-01-17,18:09:49,-08:00,2025-01-17T18:09:49-08:00,0,0
style.css,6,css,71ef291f,CherieXiao,2025-01-17,18:16:47,-08:00,2025-01-17T18:16:47-08:00,0,16
style.css,7,css,733d89cb,CherieXiao,2025-01-17,18:09:49,-08:00,2025-01-17T18:09:49-08:00,0,19
style.css,8,css,71ef291f,CherieXiao,2025-01-17,18:16:47,-08:00,2025-01-17T18:16:47-08:00,0,13
style.css,9,css,e2ff213f,CherieXiao,2025-01-11,23:15:28,-08:00,2025-01-11T23:15:28-08:00,0,24
style.css,10,css,df20fa0d,CherieXiao,2025-01-17,20:07:13,-08:00,2025-01-17T20:07:13-08:00,0,33
style.css,11,css,df20fa0d,CherieXiao,2025-01-17,20:07:13,-08:00,2025-01-17T20:07:13-08:00,0,0
style.css,12,css,df20fa0d,CherieXiao,2025-01-17,20:07:13,-08:00,2025-01-17T20:07:13-08:00,0,0
style.css,13,css,df20fa0d,CherieXiao,2025-01-17,20:07:13,-08:00,2025-01-17T20:07:13-08:00,0,5
style.css,14,css,df20fa0d,CherieXiao,2025-01-17,20:07:13,-08:00,2025-01-17T20:07:13-08:00,0,34
style.css,15,css,df20fa0d,CherieXiao,2025-01-17,20:07:13,-08:00,2025-01-17T20:07:13-08:00,0,33
style.css,16,css,df20fa0d,CherieXiao,2025-01-17,20:07:13,-08:00,2025-01-17T20:07:13-08:00,0,34
style.css,17,css,df20fa0d,CherieXiao,2025-01-17,20:07:13,-08:00,2025-01-17T20:07:13-08:00,0,0
style.css,18,css,df20fa0d,CherieXiao,2025-01-17,20:07:13,-08:00,2025-01-17T20:07:13-08:00,0,0
style.css,19,css,df20fa0d,CherieXiao,2025-01-17,20:07:13,-08:00,2025-01-17T20:07:13-08:00,0,4
style.css,20,css,df20fa0d,CherieXiao,2025-01-17,20:07:13,-08:00,2025-01-17T20:07:13-08:00,0,13
style.css,21,css,df20fa0d,CherieXiao,2025-01-17,20:07:13,-08:00,2025-01-17T20:07:13-08:00,0,19
style.css,22,css,df20fa0d,CherieXiao,2025-01-17,20:07:13,-08:00,2025-01-17T20:07:13-08:00,0,42
style.css,23,css,df20fa0d,CherieXiao,2025-01-17,20:07:13,-08:00,2025-01-17T20:07:13-08:00,0,0
style.css,24,css,df20fa0d,CherieXiao,2025-01-17,20:07:13,-08:00,2025-01-17T20:07:13-08:00,0,6
style.css,25,css,df20fa0d,CherieXiao,2025-01-17,20:07:13,-08:00,2025-01-17T20:07:13-08:00,0,7
style.css,26,css,df20fa0d,CherieXiao,2025-01-17,20:07:13,-08:00,2025-01-17T20:07:13-08:00,0,21
style.css,27,css,df20fa0d,CherieXiao,2025-01-17,20:07:13,-08:00,2025-01-17T20:07:13-08:00,0,14
style.css,28,css,df20fa0d,CherieXiao,2025-01-17,20:07:13,-08:00,2025-01-17T20:07:13-08:00,0,18
style.css,29,css,df20fa0d,CherieXiao,2025-01-17,20:07:13,-08:00,2025-01-17T20:07:13-08:00,0,14
style.css,30,css,df20fa0d,CherieXiao,2025-01-17,20:07:13,-08:00,2025-01-17T20:07:13-08:00,0,0
style.css,31,css,df20fa0d,CherieXiao,2025-01-17,20:07:13,-08:00,2025-01-17T20:07:13-08:00,0,0
style.css,32,css,df20fa0d,CherieXiao,2025-01-17,20:07:13,-08:00,2025-01-17T20:07:13-08:00,0,14
style.css,33,css,df20fa0d,CherieXiao,2025-01-17,20:07:13,-08:00,2025-01-17T20:07:13-08:00,0,44
style.css,34,css,df20fa0d,CherieXiao,2025-01-17,20:07:13,-08:00,2025-01-17T20:07:13-08:00,0,21
style.css,35,css,df20fa0d,CherieXiao,2025-01-17,20:07:13,-08:00,2025-01-17T20:07:13-08:00,0,17
style.css,36,css,df20fa0d,CherieXiao,2025-01-17,20:07:13,-08:00,2025-01-17T20:07:13-08:00,0,0
style.css,37,css,df20fa0d,CherieXiao,2025-01-17,20:07:13,-08:00,2025-01-17T20:07:13-08:00,0,0
style.css,38,css,df20fa0d,CherieXiao,2025-01-17,20:07:13,-08:00,2025-01-17T20:07:13-08:00,0,12
style.css,39,css,df20fa0d,CherieXiao,2025-01-17,20:07:13,-08:00,2025-01-17T20:07:13-08:00,0,46
style.css,40,css,df20fa0d,CherieXiao,2025-01-17,20:07:13,-08:00,2025-01-17T20:07:13-08:00,0,21
style.css,41,css,df20fa0d,CherieXiao,2025-01-17,20:07:13,-08:00,2025-01-17T20:07:13-08:00,0,17
style.css,42,css,87e2b735,CherieXiao,2025-01-25,19:33:54,-08:00,2025-01-25T19:33:54-08:00,0,70
style.css,43,css,df20fa0d,CherieXiao,2025-01-17,20:07:13,-08:00,2025-01-17T20:07:13-08:00,0,0
style.css,44,css,df20fa0d,CherieXiao,2025-01-17,20:07:13,-08:00,2025-01-17T20:07:13-08:00,0,24
style.css,45,css,df20fa0d,CherieXiao,2025-01-17,20:07:13,-08:00,2025-01-17T20:07:13-08:00,0,13
style.css,46,css,df20fa0d,CherieXiao,2025-01-17,20:07:13,-08:00,2025-01-17T20:07:13-08:00,0,0
style.css,47,css,df20fa0d,CherieXiao,2025-01-17,20:07:13,-08:00,2025-01-17T20:07:13-08:00,0,14
style.css,48,css,df20fa0d,CherieXiao,2025-01-17,20:07:13,-08:00,2025-01-17T20:07:13-08:00,0,14
style.css,49,css,df20fa0d,CherieXiao,2025-01-17,20:07:13,-08:00,2025-01-17T20:07:13-08:00,0,20
style.css,50,css,df20fa0d,CherieXiao,2025-01-17,20:07:13,-08:00,2025-01-17T20:07:13-08:00,0,0
style.css,51,css,df20fa0d,CherieXiao,2025-01-17,20:07:13,-08:00,2025-01-17T20:07:13-08:00,0,10
style.css,52,css,df20fa0d,CherieXiao,2025-01-17,20:07:13,-08:00,2025-01-17T20:07:13-08:00,0,13
style.css,53,css,df20fa0d,CherieXiao,2025-01-17,20:07:13,-08:00,2025-01-17T20:07:13-08:00,0,12
style.css,54,css,df20fa0d,CherieXiao,2025-01-17,20:07:13,-08:00,2025-01-17T20:07:13-08:00,0,14
style.css,55,css,df20fa0d,CherieXiao,2025-01-17,20:07:13,-08:00,2025-01-17T20:07:13-08:00,0,11
style.css,56,css,df20fa0d,CherieXiao,2025-01-17,20:07:13,-08:00,2025-01-17T20:07:13-08:00,0,19
style.css,57,css,df20fa0d,CherieXiao,2025-01-17,20:07:13,-08:00,2025-01-17T20:07:13-08:00,0,22
style.css,58,css,df20fa0d,CherieXiao,2025-01-17,20:07:13,-08:00,2025-01-17T20:07:13-08:00,0,3
style.css,59,css,df20fa0d,CherieXiao,2025-01-17,20:07:13,-08:00,2025-01-17T20:07:13-08:00,0,0
style.css,60,css,e54a3987,CherieXiao,2025-01-17,20:08:10,-08:00,2025-01-17T20:08:10-08:00,0,5
style.css,61,css,df20fa0d,CherieXiao,2025-01-17,20:07:13,-08:00,2025-01-17T20:07:13-08:00,0,13
style.css,62,css,e54a3987,CherieXiao,2025-01-17,20:08:10,-08:00,2025-01-17T20:08:10-08:00,0,31
style.css,63,css,f064f4d3,CherieXiao,2025-01-17,20:15:55,-08:00,2025-01-17T20:15:55-08:00,0,8
style.css,64,css,f064f4d3,CherieXiao,2025-01-17,20:15:55,-08:00,2025-01-17T20:15:55-08:00,0,0
style.css,65,css,f064f4d3,CherieXiao,2025-01-17,20:15:55,-08:00,2025-01-17T20:15:55-08:00,0,0
style.css,66,css,f064f4d3,CherieXiao,2025-01-17,20:15:55,-08:00,2025-01-17T20:15:55-08:00,0,11
style.css,67,css,f064f4d3,CherieXiao,2025-01-17,20:15:55,-08:00,2025-01-17T20:15:55-08:00,0,13
style.css,68,css,f064f4d3,CherieXiao,2025-01-17,20:15:55,-08:00,2025-01-17T20:15:55-08:00,0,30
style.css,69,css,f064f4d3,CherieXiao,2025-01-17,20:15:55,-08:00,2025-01-17T20:15:55-08:00,0,0
style.css,70,css,f064f4d3,CherieXiao,2025-01-17,20:15:55,-08:00,2025-01-17T20:15:55-08:00,0,0
style.css,71,css,f064f4d3,CherieXiao,2025-01-17,20:15:55,-08:00,2025-01-17T20:15:55-08:00,0,12
style.css,72,css,f064f4d3,CherieXiao,2025-01-17,20:15:55,-08:00,2025-01-17T20:15:55-08:00,0,19
style.css,73,css,d70e84eb,CherieXiao,2025-01-17,21:22:47,-08:00,2025-01-17T21:22:47-08:00,0,0
style.css,74,css,d70e84eb,CherieXiao,2025-01-17,21:22:47,-08:00,2025-01-17T21:22:47-08:00,0,0
style.css,75,css,d70e84eb,CherieXiao,2025-01-17,21:22:47,-08:00,2025-01-17T21:22:47-08:00,0,10
style.css,76,css,d70e84eb,CherieXiao,2025-01-17,21:22:47,-08:00,2025-01-17T21:22:47-08:00,0,13
style.css,77,css,a459b290,CherieXiao,2025-01-17,21:37:57,-08:00,2025-01-17T21:37:57-08:00,0,58
style.css,78,css,a459b290,CherieXiao,2025-01-17,21:37:57,-08:00,2025-01-17T21:37:57-08:00,0,8
style.css,79,css,a459b290,CherieXiao,2025-01-17,21:37:57,-08:00,2025-01-17T21:37:57-08:00,0,0
style.css,80,css,a459b290,CherieXiao,2025-01-17,21:37:57,-08:00,2025-01-17T21:37:57-08:00,0,0
style.css,81,css,a459b290,CherieXiao,2025-01-17,21:37:57,-08:00,2025-01-17T21:37:57-08:00,0,18
style.css,82,css,a459b290,CherieXiao,2025-01-17,21:37:57,-08:00,2025-01-17T21:37:57-08:00,0,13
style.css,83,css,a459b290,CherieXiao,2025-01-17,21:37:57,-08:00,2025-01-17T21:37:57-08:00,0,27
style.css,84,css,a459b290,CherieXiao,2025-01-17,21:37:57,-08:00,2025-01-17T21:37:57-08:00,0,16
style.css,85,css,a459b290,CherieXiao,2025-01-17,21:37:57,-08:00,2025-01-17T21:37:57-08:00,0,8
style.css,86,css,a459b290,CherieXiao,2025-01-17,21:37:57,-08:00,2025-01-17T21:37:57-08:00,0,0
style.css,87,css,a459b290,CherieXiao,2025-01-17,21:37:57,-08:00,2025-01-17T21:37:57-08:00,0,20
style.css,88,css,a459b290,CherieXiao,2025-01-17,21:37:57,-08:00,2025-01-17T21:37:57-08:00,0,9
style.css,89,css,a459b290,CherieXiao,2025-01-17,21:37:57,-08:00,2025-01-17T21:37:57-08:00,0,0
style.css,90,css,a459b290,CherieXiao,2025-01-17,21:37:57,-08:00,2025-01-17T21:37:57-08:00,0,0
style.css,91,css,a459b290,CherieXiao,2025-01-17,21:37:57,-08:00,2025-01-17T21:37:57-08:00,0,3
style.css,92,css,a459b290,CherieXiao,2025-01-17,21:37:57,-08:00,2025-01-17T21:37:57-08:00,0,15
style.css,93,css,a459b290,CherieXiao,2025-01-17,21:37:57,-08:00,2025-01-17T21:37:57-08:00,0,0
style.css,94,css,a459b290,CherieXiao,2025-01-17,21:37:57,-08:00,2025-01-17T21:37:57-08:00,0,18
style.css,95,css,a459b290,CherieXiao,2025-01-17,21:37:57,-08:00,2025-01-17T21:37:57-08:00,0,16
style.css,96,css,a459b290,CherieXiao,2025-01-17,21:37:57,-08:00,2025-01-17T21:37:57-08:00,0,18
style.css,97,css,45dd7886,CherieXiao,2025-01-25,18:13:25,-08:00,2025-01-25T18:13:25-08:00,0,0
style.css,98,css,45dd7886,CherieXiao,2025-01-25,18:13:25,-08:00,2025-01-25T18:13:25-08:00,0,0
style.css,99,css,45dd7886,CherieXiao,2025-01-25,18:13:25,-08:00,2025-01-25T18:13:25-08:00,0,5
style.css,100,css,45dd7886,CherieXiao,2025-01-25,18:13:25,-08:00,2025-01-25T18:13:25-08:00,0,24
style.css,101,css,45dd7886,CherieXiao,2025-01-25,18:13:25,-08:00,2025-01-25T18:13:25-08:00,0,0
style.css,102,css,45dd7886,CherieXiao,2025-01-25,18:13:25,-08:00,2025-01-25T18:13:25-08:00,0,0
style.css,103,css,45dd7886,CherieXiao,2025-01-25,18:13:25,-08:00,2025-01-25T18:13:25-08:00,0,5
style.css,104,css,45dd7886,CherieXiao,2025-01-25,18:13:25,-08:00,2025-01-25T18:13:25-08:00,0,24
style.css,105,css,45dd7886,CherieXiao,2025-01-25,18:13:25,-08:00,2025-01-25T18:13:25-08:00,0,17
style.css,106,css,45dd7886,CherieXiao,2025-01-25,18:13:25,-08:00,2025-01-25T18:13:25-08:00,0,0
style.css,107,css,45dd7886,CherieXiao,2025-01-25,18:13:25,-08:00,2025-01-25T18:13:25-08:00,0,0
style.css,108,css,45dd7886,CherieXiao,2025-01-25,18:13:25,-08:00,2025-01-25T18:13:25-08:00,0,4
style.css,109,css,45dd7886,CherieXiao,2025-01-25,18:13:25,-08:00,2025-01-25T18:13:25-08:00,0,40
style.css,110,css,87e2b735,CherieXiao,2025-01-25,19:33:54,-08:00,2025-01-25T19:33:54-08:00,0,0
style.css,111,css,87e2b735,CherieXiao,2025-01-25,19:33:54,-08:00,2025-01-25T19:33:54-08:00,0,0
style.css,112,css,87e2b735,CherieXiao,2025-01-25,19:33:54,-08:00,2025-01-25T19:33:54-08:00,0,5
style.css,113,css,87e2b735,CherieXiao,2025-01-25,19:33:54,-08:00,2025-01-25T19:33:54-08:00,0,24
style.css,114,css,87e2b735,CherieXiao,2025-01-25,19:33:54,-08:00,2025-01-25T19:33:54-08:00,0,0
style.css,115,css,87e2b735,CherieXiao,2025-01-25,19:33:54,-08:00,2025-01-25T19:33:54-08:00,0,0
style.css,116,css,87e2b735,CherieXiao,2025-01-25,19:33:54,-08:00,2025-01-25T19:33:54-08:00,0,16
style.css,117,css,87e2b735,CherieXiao,2025-01-25,19:33:54,-08:00,2025-01-25T19:33:54-08:00,0,19
style.css,118,css,87e2b735,CherieXiao,2025-01-25,19:33:54,-08:00,2025-01-25T19:33:54-08:00,0,0
style.css,119,css,87e2b735,CherieXiao,2025-01-25,19:33:54,-08:00,2025-01-25T19:33:54-08:00,0,0
style.css,120,css,87e2b735,CherieXiao,2025-01-25,19:33:54,-08:00,2025-01-25T19:33:54-08:00,0,15
style.css,121,css,87e2b735,CherieXiao,2025-01-25,19:33:54,-08:00,2025-01-25T19:33:54-08:00,0,18
style.css,122,css,87e2b735,CherieXiao,2025-01-25,19:33:54,-08:00,2025-01-25T19:33:54-08:00,0,0
style.css,123,css,87e2b735,CherieXiao,2025-01-25,19:33:54,-08:00,2025-01-25T19:33:54-08:00,0,0
style.css,124,css,87e2b735,CherieXiao,2025-01-25,19:33:54,-08:00,2025-01-25T19:33:54-08:00,0,14
style.css,125,css,87e2b735,CherieXiao,2025-01-25,19:33:54,-08:00,2025-01-25T19:33:54-08:00,0,18
style.css,126,css,87e2b735,CherieXiao,2025-01-25,19:33:54,-08:00,2025-01-25T19:33:54-08:00,0,9
style.css,127,css,87e2b735,CherieXiao,2025-01-25,19:33:54,-08:00,2025-01-25T19:33:54-08:00,0,11
style.css,128,css,87e2b735,CherieXiao,2025-01-25,19:33:54,-08:00,2025-01-25T19:33:54-08:00,0,14
style.css,129,css,87e2b735,CherieXiao,2025-01-25,19:33:54,-08:00,2025-01-25T19:33:54-08:00,0,20
style.css,130,css,cc1cfb3d,CherieXiao,2025-02-01,23:00:27,-08:00,2025-02-01T23:00:27-08:00,0,0
style.css,131,css,cc1cfb3d,CherieXiao,2025-02-01,23:00:27,-08:00,2025-02-01T23:00:27-08:00,0,0
style.css,132,css,cc1cfb3d,CherieXiao,2025-02-01,23:00:27,-08:00,2025-02-01T23:00:27-08:00,0,18
style.css,133,css,cc1cfb3d,CherieXiao,2025-02-01,23:00:27,-08:00,2025-02-01T23:00:27-08:00,0,13
style.css,134,css,cc1cfb3d,CherieXiao,2025-02-01,23:00:27,-08:00,2025-02-01T23:00:27-08:00,0,37
style.css,135,css,cc1cfb3d,CherieXiao,2025-02-01,23:00:27,-08:00,2025-02-01T23:00:27-08:00,0,9
style.css,136,css,cc1cfb3d,CherieXiao,2025-02-01,23:00:27,-08:00,2025-02-01T23:00:27-08:00,0,0
style.css,137,css,cc1cfb3d,CherieXiao,2025-02-01,23:00:27,-08:00,2025-02-01T23:00:27-08:00,0,0
style.css,138,css,cc1cfb3d,CherieXiao,2025-02-01,23:00:27,-08:00,2025-02-01T23:00:27-08:00,0,18
style.css,139,css,cc1cfb3d,CherieXiao,2025-02-01,23:00:27,-08:00,2025-02-01T23:00:27-08:00,0,11
style.css,140,css,cc1cfb3d,CherieXiao,2025-02-01,23:00:27,-08:00,2025-02-01T23:00:27-08:00,0,17
style.css,141,css,cc1cfb3d,CherieXiao,2025-02-01,23:00:27,-08:00,2025-02-01T23:00:27-08:00,0,0
style.css,142,css,cc1cfb3d,CherieXiao,2025-02-01,23:00:27,-08:00,2025-02-01T23:00:27-08:00,0,0
style.css,143,css,cc1cfb3d,CherieXiao,2025-02-01,23:00:27,-08:00,2025-02-01T23:00:27-08:00,0,18
style.css,144,css,cc1cfb3d,CherieXiao,2025-02-01,23:00:27,-08:00,2025-02-01T23:00:27-08:00,0,11
style.css,145,css,cc1cfb3d,CherieXiao,2025-02-01,23:00:27,-08:00,2025-02-01T23:00:27-08:00,0,9
style.css,146,css,05dce558,CherieXiao,2025-02-07,19:36:28,-08:00,2025-02-07T19:36:28-08:00,0,0
style.css,147,css,05dce558,CherieXiao,2025-02-07,19:36:28,-08:00,2025-02-07T19:36:28-08:00,0,0
style.css,148,css,a3ac3eca,CherieXiao,2025-02-25,00:59:31,-08:00,2025-02-25T00:59:31-08:00,0,7
style.css,149,css,a3ac3eca,CherieXiao,2025-02-25,00:59:31,-08:00,2025-02-25T00:59:31-08:00,0,13
style.css,150,css,a3ac3eca,CherieXiao,2025-02-25,00:59:31,-08:00,2025-02-25T00:59:31-08:00,0,37
style.css,151,css,a3ac3eca,CherieXiao,2025-02-25,00:59:31,-08:00,2025-02-25T00:59:31-08:00,0,9
style.css,152,css,a3ac3eca,CherieXiao,2025-02-25,00:59:31,-08:00,2025-02-25T00:59:31-08:00,0,0
style.css,153,css,a3ac3eca,CherieXiao,2025-02-25,00:59:31,-08:00,2025-02-25T00:59:31-08:00,0,0
style.css,154,css,a3ac3eca,CherieXiao,2025-02-25,00:59:31,-08:00,2025-02-25T00:59:31-08:00,0,10
style.css,155,css,a3ac3eca,CherieXiao,2025-02-25,00:59:31,-08:00,2025-02-25T00:59:31-08:00,0,11
style.css,156,css,a3ac3eca,CherieXiao,2025-02-25,00:59:31,-08:00,2025-02-25T00:59:31-08:00,0,17
style.css,157,css,a3ac3eca,CherieXiao,2025-02-25,00:59:31,-08:00,2025-02-25T00:59:31-08:00,0,0
style.css,158,css,a3ac3eca,CherieXiao,2025-02-25,00:59:31,-08:00,2025-02-25T00:59:31-08:00,0,0
style.css,159,css,a3ac3eca,CherieXiao,2025-02-25,00:59:31,-08:00,2025-02-25T00:59:31-08:00,0,10
style.css,160,css,a3ac3eca,CherieXiao,2025-02-25,00:59:31,-08:00,2025-02-25T00:59:31-08:00,0,11
style.css,161,css,a3ac3eca,CherieXiao,2025-02-25,00:59:31,-08:00,2025-02-25T00:59:31-08:00,0,9
style.css,162,css,a3ac3eca,CherieXiao,2025-02-25,00:59:31,-08:00,2025-02-25T00:59:31-08:00,0,0
style.css,163,css,a3ac3eca,CherieXiao,2025-02-25,00:59:31,-08:00,2025-02-25T00:59:31-08:00,0,0
style.css,164,css,05dce558,CherieXiao,2025-02-07,19:36:28,-08:00,2025-02-07T19:36:28-08:00,0,11
style.css,165,css,05dce558,CherieXiao,2025-02-07,19:36:28,-08:00,2025-02-07T19:36:28-08:00,0,13
style.css,166,css,05dce558,CherieXiao,2025-02-07,19:36:28,-08:00,2025-02-07T19:36:28-08:00,0,19
style.css,167,css,c38667dd,CherieXiao,2025-02-15,05:19:32,-08:00,2025-02-15T05:19:32-08:00,0,9
style.css,168,css,31e75c13,CherieXiao,2025-02-15,02:37:56,-08:00,2025-02-15T02:37:56-08:00,0,11
style.css,169,css,2f1a1d94,CherieXiao,2025-02-15,20:08:43,-08:00,2025-02-15T20:08:43-08:00,0,15
style.css,170,css,c38667dd,CherieXiao,2025-02-15,05:19:32,-08:00,2025-02-15T05:19:32-08:00,0,19
style.css,171,css,05dce558,CherieXiao,2025-02-07,19:36:28,-08:00,2025-02-07T19:36:28-08:00,0,0
style.css,172,css,05dce558,CherieXiao,2025-02-07,19:36:28,-08:00,2025-02-07T19:36:28-08:00,0,0
style.css,173,css,05dce558,CherieXiao,2025-02-07,19:36:28,-08:00,2025-02-07T19:36:28-08:00,0,11
style.css,174,css,c38667dd,CherieXiao,2025-02-15,05:19:32,-08:00,2025-02-15T05:19:32-08:00,0,15
style.css,175,css,2f1a1d94,CherieXiao,2025-02-15,20:08:43,-08:00,2025-02-15T20:08:43-08:00,0,14
style.css,176,css,05dce558,CherieXiao,2025-02-07,19:36:28,-08:00,2025-02-07T19:36:28-08:00,0,14
style.css,177,css,31e75c13,CherieXiao,2025-02-15,02:37:56,-08:00,2025-02-15T02:37:56-08:00,0,15
style.css,178,css,31e75c13,CherieXiao,2025-02-15,02:37:56,-08:00,2025-02-15T02:37:56-08:00,0,14
style.css,179,css,05dce558,CherieXiao,2025-02-07,19:36:28,-08:00,2025-02-07T19:36:28-08:00,0,0
style.css,180,css,05dce558,CherieXiao,2025-02-07,19:36:28,-08:00,2025-02-07T19:36:28-08:00,0,0
style.css,181,css,05dce558,CherieXiao,2025-02-07,19:36:28,-08:00,2025-02-07T19:36:28-08:00,0,8
style.css,182,css,c38667dd,CherieXiao,2025-02-15,05:19:32,-08:00,2025-02-15T05:19:32-08:00,0,13
style.css,183,css,c38667dd,CherieXiao,2025-02-15,05:19:32,-08:00,2025-02-15T05:19:32-08:00,0,58
style.css,184,css,05dce558,CherieXiao,2025-02-07,19:36:28,-08:00,2025-02-07T19:36:28-08:00,0,9
style.css,185,css,05dce558,CherieXiao,2025-02-07,19:36:28,-08:00,2025-02-07T19:36:28-08:00,0,16
style.css,186,css,05dce558,CherieXiao,2025-02-07,19:36:28,-08:00,2025-02-07T19:36:28-08:00,0,13
style.css,187,css,05dce558,CherieXiao,2025-02-07,19:36:28,-08:00,2025-02-07T19:36:28-08:00,0,0
style.css,188,css,05dce558,CherieXiao,2025-02-07,19:36:28,-08:00,2025-02-07T19:36:28-08:00,0,0
style.css,189,css,05dce558,CherieXiao,2025-02-07,19:36:28,-08:00,2025-02-07T19:36:28-08:00,0,11
style.css,190,css,05dce558,CherieXiao,2025-02-07,19:36:28,-08:00,2025-02-07T19:36:28-08:00,0,13
style.css,191,css,05dce558,CherieXiao,2025-02-07,19:36:28,-08:00,2025-02-07T19:36:28-08:00,0,19
style.css,192,css,05dce558,CherieXiao,2025-02-07,19:36:28,-08:00,2025-02-07T19:36:28-08:00,0,11
style.css,193,css,2f1a1d94,CherieXiao,2025-02-15,20:08:43,-08:00,2025-02-15T20:08:43-08:00,0,15
style.css,194,css,05dce558,CherieXiao,2025-02-07,19:36:28,-08:00,2025-02-07T19:36:28-08:00,0,0
style.css,195,css,05dce558,CherieXiao,2025-02-07,19:36:28,-08:00,2025-02-07T19:36:28-08:00,0,0
style.css,196,css,05dce558,CherieXiao,2025-02-07,19:36:28,-08:00,2025-02-07T19:36:28-08:00,0,11
style.css,197,css,05dce558,CherieXiao,2025-02-07,19:36:28,-08:00,2025-02-07T19:36:28-08:00,0,18
style.css,198,css,05dce558,CherieXiao,2025-02-07,19:36:28,-08:00,2025-02-07T19:36:28-08:00,0,18
style.css,199,css,05dce558,CherieXiao,2025-02-07,19:36:28,-08:00,2025-02-07T19:36:28-08:00,0,11
style.css,200,css,05dce558,CherieXiao,2025-02-07,19:36:28,-08:00,2025-02-07T19:36:28-08:00,0,0
style.css,201,css,05dce558,CherieXiao,2025-02-07,19:36:28,-08:00,2025-02-07T19:36:28-08:00,0,0
style.css,202,css,05dce558,CherieXiao,2025-02-07,19:36:28,-08:00,2025-02-07T19:36:28-08:00,0,8
style.css,203,css,05dce558,CherieXiao,2025-02-07,19:36:28,-08:00,2025-02-07T19:36:28-08:00,0,21
style.css,204,css,05dce558,CherieXiao,2025-02-07,19:36:28,-08:00,2025-02-07T19:36:28-08:00,0,10
style.css,205,css,05dce558,CherieXiao,2025-02-07,19:36:28,-08:00,2025-02-07T19:36:28-08:00,0,11
style.css,206,css,05dce558,CherieXiao,2025-02-07,19:36:28,-08:00,2025-02-07T19:36:28-08:00,0,30
style.css,207,css,05dce558,CherieXiao,2025-02-07,19:36:28,-08:00,2025-02-07T19:36:28-08:00,0,18
style.css,208,css,05dce558,CherieXiao,2025-02-07,19:36:28,-08:00,2025-02-07T19:36:28-08:00,0,0
style.css,209,css,05dce558,CherieXiao,2025-02-07,19:36:28,-08:00,2025-02-07T19:36:28-08:00,0,0
style.css,210,css,09172d7a,CherieXiao,2025-02-20,21:59:53,-08:00,2025-02-20T21:59:53-08:00,0,37
style.css,211,css,09172d7a,CherieXiao,2025-02-20,21:59:53,-08:00,2025-02-20T21:59:53-08:00,0,12
style.css,212,css,09172d7a,CherieXiao,2025-02-20,21:59:53,-08:00,2025-02-20T21:59:53-08:00,0,17
style.css,213,css,09172d7a,CherieXiao,2025-02-20,21:59:53,-08:00,2025-02-20T21:59:53-08:00,0,0
style.css,214,css,09172d7a,CherieXiao,2025-02-20,21:59:53,-08:00,2025-02-20T21:59:53-08:00,0,0
style.css,215,css,09172d7a,CherieXiao,2025-02-20,21:59:53,-08:00,2025-02-20T21:59:53-08:00,0,5
style.css,216,css,09172d7a,CherieXiao,2025-02-20,21:59:53,-08:00,2025-02-20T21:59:53-08:00,0,17
style.css,217,css,09172d7a,CherieXiao,2025-02-20,21:59:53,-08:00,2025-02-20T21:59:53-08:00,0,0
style.css,218,css,09172d7a,CherieXiao,2025-02-20,21:59:53,-08:00,2025-02-20T21:59:53-08:00,0,0
style.css,219,css,09172d7a,CherieXiao,2025-02-20,21:59:53,-08:00,2025-02-20T21:59:53-08:00,0,10
style.css,220,css,09172d7a,CherieXiao,2025-02-20,21:59:53,-08:00,2025-02-20T21:59:53-08:00,0,36
style.css,221,css,6e7a75e9,CherieXiao,2025-02-21,07:01:00,-08:00,2025-02-21T07:01:00-08:00,0,0
style.css,222,css,d178e021,CherieXiao,2025-02-21,08:57:27,-08:00,2025-02-21T08:57:27-08:00,0,11
style.css,223,css,d178e021,CherieXiao,2025-02-21,08:57:27,-08:00,2025-02-21T08:57:27-08:00,0,18
style.css,224,css,d178e021,CherieXiao,2025-02-21,08:57:27,-08:00,2025-02-21T08:57:27-08:00,0,15
style.css,225,css,d178e021,CherieXiao,2025-02-21,08:57:27,-08:00,2025-02-21T08:57:27-08:00,0,0
style.css,226,css,6e7a75e9,CherieXiao,2025-02-21,07:01:00,-08:00,2025-02-21T07:01:00-08:00,0,0
style.css,227,css,6e7a75e9,CherieXiao,2025-02-21,07:01:00,-08:00,2025-02-21T07:01:00-08:00,0,0
style.css,228,css,d178e021,CherieXiao,2025-02-21,08:57:27,-08:00,2025-02-21T08:57:27-08:00,0,25
style.css,229,css,d178e021,CherieXiao,2025-02-21,08:57:27,-08:00,2025-02-21T08:57:27-08:00,0,39
style.css,230,css,d178e021,CherieXiao,2025-02-21,08:57:27,-08:00,2025-02-21T08:57:27-08:00,0,33
style.css,231,css,2f1a1d94,CherieXiao,2025-02-15,20:08:43,-08:00,2025-02-15T20:08:43-08:00,0,0
style.css,232,css,6e7a75e9,CherieXiao,2025-02-21,07:01:00,-08:00,2025-02-21T07:01:00-08:00,0,0
style.css,233,css,d178e021,CherieXiao,2025-02-21,08:57:27,-08:00,2025-02-21T08:57:27-08:00,0,11
style.css,234,css,d178e021,CherieXiao,2025-02-21,08:57:27,-08:00,2025-02-21T08:57:27-08:00,0,19
style.css,235,css,a3ac3eca,CherieXiao,2025-02-25,00:59:31,-08:00,2025-02-25T00:59:31-08:00,0,0
style.css,236,css,a3ac3eca,CherieXiao,2025-02-25,00:59:31,-08:00,2025-02-25T00:59:31-08:00,0,0
style.css,237,css,a3ac3eca,CherieXiao,2025-02-25,00:59:31,-08:00,2025-02-25T00:59:31-08:00,0,16
style.css,238,css,a3ac3eca,CherieXiao,2025-02-25,00:59:31,-08:00,2025-02-25T00:59:31-08:00,0,12
style.css,239,css,a3ac3eca,CherieXiao,2025-02-25,00:59:31,-08:00,2025-02-25T00:59:31-08:00,0,0
style.css,240,css,a3ac3eca,CherieXiao,2025-02-25,00:59:31,-08:00,2025-02-25T00:59:31-08:00,0,0
style.css,241,css,a3ac3eca,CherieXiao,2025-02-25,00:59:31,-08:00,2025-02-25T00:59:31-08:00,0,16
style.css,242,css,a3ac3eca,CherieXiao,2025-02-25,00:59:31,-08:00,2025-02-25T00:59:31-08:00,0,12
style.css,243,css,a3ac3eca,CherieXiao,2025-02-25,00:59:31,-08:00,2025-02-25T00:59:31-08:00,0,19
style.css,244,css,a3ac3eca,CherieXiao,2025-02-25,00:59:31,-08:00,2025-02-25T00:59:31-08:00,0,27
style.css,245,css,a3ac3eca,CherieXiao,2025-02-25,00:59:31,-08:00,2025-02-25T00:59:31-08:00,0,0
style.css,246,css,9a1c9833,CherieXiao,2025-02-25,02:54:38,-08:00,2025-02-25T02:54:38-08:00,0,0
style.css,247,css,9a1c9833,CherieXiao,2025-02-25,02:54:38,-08:00,2025-02-25T02:54:38-08:00,0,7
style.css,248,css,9a1c9833,CherieXiao,2025-02-25,02:54:38,-08:00,2025-02-25T02:54:38-08:00,0,17
style.css,249,css,9a1c9833,CherieXiao,2025-02-25,02:54:38,-08:00,2025-02-25T02:54:38-08:00,0,24
style.css,250,css,9a1c9833,CherieXiao,2025-02-25,02:54:38,-08:00,2025-02-25T02:54:38-08:00,0,23
style.css,251,css,9a1c9833,CherieXiao,2025-02-25,02:54:38,-08:00,2025-02-25T02:54:38-08:00,0,0
style.css,252,css,9a1c9833,CherieXiao,2025-02-25,02:54:38,-08:00,2025-02-25T02:54:38-08:00,0,0
style.css,253,css,9a1c9833,CherieXiao,2025-02-25,02:54:38,-08:00,2025-02-25T02:54:38-08:00,0,13
style.css,254,css,9a1c9833,CherieXiao,2025-02-25,02:54:38,-08:00,2025-02-25T02:54:38-08:00,0,21
style.css,255,css,9a1c9833,CherieXiao,2025-02-25,02:54:38,-08:00,2025-02-25T02:54:38-08:00,0,0
style.css,256,css,9a1c9833,CherieXiao,2025-02-25,02:54:38,-08:00,2025-02-25T02:54:38-08:00,0,0
style.css,257,css,9a1c9833,CherieXiao,2025-02-25,02:54:38,-08:00,2025-02-25T02:54:38-08:00,0,9
style.css,258,css,9a1c9833,CherieXiao,2025-02-25,02:54:38,-08:00,2025-02-25T02:54:38-08:00,0,42
style.css,259,css,9a1c9833,CherieXiao,2025-02-25,02:54:38,-08:00,2025-02-25T02:54:38-08:00,0,17
style.css,260,css,9a1c9833,CherieXiao,2025-02-25,02:54:38,-08:00,2025-02-25T02:54:38-08:00,0,18
style.css,261,css,9a1c9833,CherieXiao,2025-02-25,02:54:38,-08:00,2025-02-25T02:54:38-08:00,0,43
style.css,262,css,9a1c9833,CherieXiao,2025-02-25,02:54:38,-08:00,2025-02-25T02:54:38-08:00,0,26
style.css,263,css,9a1c9833,CherieXiao,2025-02-25,02:54:38,-08:00,2025-02-25T02:54:38-08:00,0,0
style.css,264,css,9a1c9833,CherieXiao,2025-02-25,02:54:38,-08:00,2025-02-25T02:54:38-08:00,0,0
style.css,265,css,9a1c9833,CherieXiao,2025-02-25,02:54:38,-08:00,2025-02-25T02:54:38-08:00,0,8
style.css,266,css,9a1c9833,CherieXiao,2025-02-25,02:54:38,-08:00,2025-02-25T02:54:38-08:00,0,25
style.css,267,css,9a1c9833,CherieXiao,2025-02-25,02:54:38,-08:00,2025-02-25T02:54:38-08:00,0,26
style.css,268,css,9a1c9833,CherieXiao,2025-02-25,02:54:38,-08:00,2025-02-25T02:54:38-08:00,0,40
style.css,269,css,9a1c9833,CherieXiao,2025-02-25,02:54:38,-08:00,2025-02-25T02:54:38-08:00,0,0
style.css,270,css,9a1c9833,CherieXiao,2025-02-25,02:54:38,-08:00,2025-02-25T02:54:38-08:00,0,0
style.css,271,css,9a1c9833,CherieXiao,2025-02-25,02:54:38,-08:00,2025-02-25T02:54:38-08:00,0,43
style.css,272,css,9a1c9833,CherieXiao,2025-02-25,02:54:38,-08:00,2025-02-25T02:54:38-08:00,0,10
style.css,273,css,9a1c9833,CherieXiao,2025-02-25,02:54:38,-08:00,2025-02-25T02:54:38-08:00,0,18
style.css,274,css,9a1c9833,CherieXiao,2025-02-25,02:54:38,-08:00,2025-02-25T02:54:38-08:00,0,0
index.js,1,js,cc1cfb3d,CherieXiao,2025-02-01,23:00:27,-08:00,2025-02-01T23:00:27-08:00,0,72
index.js,2,js,cc1cfb3d,CherieXiao,2025-02-01,23:00:27,-08:00,2025-02-01T23:00:27-08:00,0,0
index.js,3,js,cc1cfb3d,CherieXiao,2025-02-01,23:00:27,-08:00,2025-02-01T23:00:27-08:00,0,22
index.js,4,js,cc1cfb3d,CherieXiao,2025-02-01,23:00:27,-08:00,2025-02-01T23:00:27-08:00,0,0
index.js,5,js,cc1cfb3d,CherieXiao,2025-02-01,23:00:27,-08:00,2025-02-01T23:00:27-08:00,0,55
index.js,6,js,cc1cfb3d,CherieXiao,2025-02-01,23:00:27,-08:00,2025-02-01T23:00:27-08:00,0,43
index.js,7,js,cc1cfb3d,CherieXiao,2025-02-01,23:00:27,-08:00,2025-02-01T23:00:27-08:00,0,61
index.js,8,js,cc1cfb3d,CherieXiao,2025-02-01,23:00:27,-08:00,2025-02-01T23:00:27-08:00,0,55
index.js,9,js,cc1cfb3d,CherieXiao,2025-02-01,23:00:27,-08:00,2025-02-01T23:00:27-08:00,0,0
index.js,10,js,cc1cfb3d,CherieXiao,2025-02-01,23:00:27,-08:00,2025-02-01T23:00:27-08:00,0,6
index.js,11,js,cc1cfb3d,CherieXiao,2025-02-01,23:00:27,-08:00,2025-02-01T23:00:27-08:00,0,0
index.js,12,js,cc1cfb3d,CherieXiao,2025-02-01,23:00:27,-08:00,2025-02-01T23:00:27-08:00,0,33
index.js,13,js,cc1cfb3d,CherieXiao,2025-02-01,23:00:27,-08:00,2025-02-01T23:00:27-08:00,0,54
index.js,14,js,cc1cfb3d,CherieXiao,2025-02-01,23:00:27,-08:00,2025-02-01T23:00:27-08:00,0,61
index.js,15,js,cc1cfb3d,CherieXiao,2025-02-01,23:00:27,-08:00,2025-02-01T23:00:27-08:00,0,0
index.js,16,js,cc1cfb3d,CherieXiao,2025-02-01,23:00:27,-08:00,2025-02-01T23:00:27-08:00,0,34
index.js,17,js,cc1cfb3d,CherieXiao,2025-02-01,23:00:27,-08:00,2025-02-01T23:00:27-08:00,0,64
index.js,18,js,cc1cfb3d,CherieXiao,2025-02-01,23:00:27,-08:00,2025-02-01T23:00:27-08:00,0,6
index.js,19,js,cc1cfb3d,CherieXiao,2025-02-01,23:00:27,-08:00,2025-02-01T23:00:27-08:00,0,0
index.js,20,js,cc1cfb3d,CherieXiao,2025-02-01,23:00:27,-08:00,2025-02-01T23:00:27-08:00,0,0
index.js,21,js,cc1cfb3d,CherieXiao,2025-02-01,23:00:27,-08:00,2025-02-01T23:00:27-08:00,0,25
index.js,22,js,cc1cfb3d,CherieXiao,2025-02-01,23:00:27,-08:00,2025-02-01T23:00:27-08:00,0,23
index.js,23,js,cc1cfb3d,CherieXiao,2025-02-01,23:00:27,-08:00,2025-02-01T23:00:27-08:00,0,3
index.js,24,js,cc1cfb3d,CherieXiao,2025-02-01,23:00:27,-08:00,2025-02-01T23:00:27-08:00,0,56
index.js,25,js,cc1cfb3d,CherieXiao,2025-02-01,23:00:27,-08:00,2025-02-01T23:00:27-08:00,0,56
index.js,26,js,cc1cfb3d,CherieXiao,2025-02-01,23:00:27,-08:00,2025-02-01T23:00:27-08:00,0,50
index.js,27,js,cc1cfb3d,CherieXiao,2025-02-01,23:00:27,-08:00,2025-02-01T23:00:27-08:00,0,50
index.js,28,js,cc1cfb3d,CherieXiao,2025-02-01,23:00:27,-08:00,2025-02-01T23:00:27-08:00,0,4
index.js,29,js,cc1cfb3d,CherieXiao,2025-02-01,23:00:27,-08:00,2025-02-01T23:00:27-08:00,0,1
index.js,30,js,cc1cfb3d,CherieXiao,2025-02-01,23:00:27,-08:00,2025-02-01T23:00:27-08:00,0,0
index.js,31,js,cc1cfb3d,CherieXiao,2025-02-01,23:00:27,-08:00,2025-02-01T23:00:27-08:00,0,0
index.js,32,js,cc1cfb3d,CherieXiao,2025-02-01,23:00:27,-08:00,2025-02-01T23:00:27-08:00,0,17
index.html,1,html,6b8f7270,CherieXiao,2025-01-11,19:34:20,-08:00,2025-01-11T19:34:20-08:00,0,14
index.html,2,html,4eccd6ac,CherieXiao,2025-01-25,20:20:37,-08:00,2025-01-25T20:20:37-08:00,0,28
index.html,3,html,ca8483a7,CherieXiao,2025-01-24,16:23:59,-08:00,2025-01-24T16:23:59-08:00,0,0
index.html,4,html,6b8f7270,CherieXiao,2025-01-11,19:34:20,-08:00,2025-01-11T19:34:20-08:00,0,5
index.html,5,html,6b8f7270,CherieXiao,2025-01-11,19:34:20,-08:00,2025-01-11T19:34:20-08:00,0,21
index.html,6,html,6b8f7270,CherieXiao,2025-01-11,19:34:20,-08:00,2025-01-11T19:34:20-08:00,0,69
index.html,7,html,6b8f7270,CherieXiao,2025-01-11,19:34:20,-08:00,2025-01-11T19:34:20-08:00,0,54
index.html,8,html,71ef291f,CherieXiao,2025-01-17,18:16:47,-08:00,2025-01-17T18:16:47-08:00,0,39
index.html,9,html,027d68eb,CherieXiao,2025-01-25,19:50:10,-08:00,2025-01-25T19:50:10-08:00,0,0
index.html,10,html,6b8f7270,CherieXiao,2025-01-11,19:34:20,-08:00,2025-01-11T19:34:20-08:00,0,6
index.html,11,html,6b8f7270,CherieXiao,2025-01-11,19:34:20,-08:00,2025-01-11T19:34:20-08:00,0,5
index.html,12,html,f8000e42,CherieXiao,2025-01-25,12:49:29,-08:00,2025-01-25T12:49:29-08:00,0,46
index.html,13,html,cc1cfb3d,CherieXiao,2025-02-01,23:00:27,-08:00,2025-02-01T23:00:27-08:00,0,51
index.html,14,html,cc1cfb3d,CherieXiao,2025-02-01,23:00:27,-08:00,2025-02-01T23:00:27-08:00,0,23
index.html,15,html,cc1cfb3d,CherieXiao,2025-02-01,23:00:27,-08:00,2025-02-01T23:00:27-08:00,0,21
index.html,16,html,cc1cfb3d,CherieXiao,2025-02-01,23:00:27,-08:00,2025-02-01T23:00:27-08:00,0,5
index.html,17,html,df20fa0d,CherieXiao,2025-01-17,20:07:13,-08:00,2025-01-17T20:07:13-08:00,0,19
index.html,18,html,df20fa0d,CherieXiao,2025-01-17,20:07:13,-08:00,2025-01-17T20:07:13-08:00,0,59
index.html,19,html,df20fa0d,CherieXiao,2025-01-17,20:07:13,-08:00,2025-01-17T20:07:13-08:00,0,54
index.html,20,html,df20fa0d,CherieXiao,2025-01-17,20:07:13,-08:00,2025-01-17T20:07:13-08:00,0,3
index.html,21,html,df20fa0d,CherieXiao,2025-01-17,20:07:13,-08:00,2025-01-17T20:07:13-08:00,0,40
index.html,22,html,df20fa0d,CherieXiao,2025-01-17,20:07:13,-08:00,2025-01-17T20:07:13-08:00,0,68
index.html,23,html,cc1cfb3d,CherieXiao,2025-02-01,23:00:27,-08:00,2025-02-01T23:00:27-08:00,0,23
index.html,24,html,cc1cfb3d,CherieXiao,2025-02-01,23:00:27,-08:00,2025-02-01T23:00:27-08:00,0,23
index.html,25,html,cc1cfb3d,CherieXiao,2025-02-01,23:00:27,-08:00,2025-02-01T23:00:27-08:00,0,3
index.html,26,html,cc1cfb3d,CherieXiao,2025-02-01,23:00:27,-08:00,2025-02-01T23:00:27-08:00,0,17
index.html,27,html,cc1cfb3d,CherieXiao,2025-02-01,23:00:27,-08:00,2025-02-01T23:00:27-08:00,0,25
index.html,28,html,cc1cfb3d,CherieXiao,2025-02-01,23:00:27,-08:00,2025-02-01T23:00:27-08:00,0,17
index.html,29,html,cc1cfb3d,CherieXiao,2025-02-01,23:00:27,-08:00,2025-02-01T23:00:27-08:00,0,25
index.html,30,html,cc1cfb3d,CherieXiao,2025-02-01,23:00:27,-08:00,2025-02-01T23:00:27-08:00,0,20
index.html,31,html,cc1cfb3d,CherieXiao,2025-02-01,23:00:27,-08:00,2025-02-01T23:00:27-08:00,0,28
index.html,32,html,cc1cfb3d,CherieXiao,2025-02-01,23:00:27,-08:00,2025-02-01T23:00:27-08:00,0,20
index.html,33,html,cc1cfb3d,CherieXiao,2025-02-01,23:00:27,-08:00,2025-02-01T23:00:27-08:00,0,28
index.html,34,html,cc1cfb3d,CherieXiao,2025-02-01,23:00:27,-08:00,2025-02-01T23:00:27-08:00,0,4
index.html,35,html,cc1cfb3d,CherieXiao,2025-02-01,23:00:27,-08:00,2025-02-01T23:00:27-08:00,0,5
index.html,36,html,05dce558,CherieXiao,2025-02-07,19:36:28,-08:00,2025-02-07T19:36:28-08:00,0,0
index.html,37,html,6b8f7270,CherieXiao,2025-01-11,19:34:20,-08:00,2025-01-11T19:34:20-08:00,0,6
index.html,38,html,6b8f7270,CherieXiao,2025-01-11,19:34:20,-08:00,2025-01-11T19:34:20-08:00,0,6
global.js,1,js,1d673137,CherieXiao,2025-01-24,15:07:58,-08:00,2025-01-24T15:07:58-08:00,0,26
global.js,2,js,1d673137,CherieXiao,2025-01-24,15:07:58,-08:00,2025-01-24T15:07:58-08:00,0,0
global.js,3,js,05dce558,CherieXiao,2025-02-07,19:36:28,-08:00,2025-02-07T19:36:28-08:00,0,0
global.js,4,js,1d673137,CherieXiao,2025-01-24,15:07:58,-08:00,2025-01-24T15:07:58-08:00,0,42
global.js,5,js,1d673137,CherieXiao,2025-01-24,15:07:58,-08:00,2025-01-24T15:07:58-08:00,0,53
global.js,6,js,da921838,CherieXiao,2025-01-24,16:13:02,-08:00,2025-01-24T16:13:02-08:00,0,0
global.js,7,js,da921838,CherieXiao,2025-01-24,16:13:02,-08:00,2025-01-24T16:13:02-08:00,0,0
global.js,8,js,7883f213,CherieXiao,2025-01-25,12:47:38,-08:00,2025-01-25T12:47:38-08:00,0,12
global.js,9,js,4eccd6ac,CherieXiao,2025-01-25,20:20:37,-08:00,2025-01-25T20:20:37-08:00,0,26
global.js,10,js,4eccd6ac,CherieXiao,2025-01-25,20:20:37,-08:00,2025-01-25T20:20:37-08:00,0,39
global.js,11,js,4eccd6ac,CherieXiao,2025-01-25,20:20:37,-08:00,2025-01-25T20:20:37-08:00,0,37
global.js,12,js,4eccd6ac,CherieXiao,2025-01-25,20:20:37,-08:00,2025-01-25T20:20:37-08:00,0,27
global.js,13,js,09172d7a,CherieXiao,2025-02-20,21:59:53,-08:00,2025-02-20T21:59:53-08:00,0,31
global.js,14,js,f8000e42,CherieXiao,2025-01-25,12:49:29,-08:00,2025-01-25T12:49:29-08:00,0,56
global.js,15,js,7883f213,CherieXiao,2025-01-25,12:47:38,-08:00,2025-01-25T12:47:38-08:00,0,1
global.js,16,js,7883f213,CherieXiao,2025-01-25,12:47:38,-08:00,2025-01-25T12:47:38-08:00,0,0
global.js,17,js,7883f213,CherieXiao,2025-01-25,12:47:38,-08:00,2025-01-25T12:47:38-08:00,0,39
global.js,18,js,7883f213,CherieXiao,2025-01-25,12:47:38,-08:00,2025-01-25T12:47:38-08:00,0,26
global.js,19,js,7883f213,CherieXiao,2025-01-25,12:47:38,-08:00,2025-01-25T12:47:38-08:00,0,0
global.js,20,js,7883f213,CherieXiao,2025-01-25,12:47:38,-08:00,2025-01-25T12:47:38-08:00,0,71
global.js,21,js,7883f213,CherieXiao,2025-01-25,12:47:38,-08:00,2025-01-25T12:47:38-08:00,0,0
global.js,22,js,7883f213,CherieXiao,2025-01-25,12:47:38,-08:00,2025-01-25T12:47:38-08:00,0,21
global.js,23,js,7883f213,CherieXiao,2025-01-25,12:47:38,-08:00,2025-01-25T12:47:38-08:00,0,15
global.js,24,js,7883f213,CherieXiao,2025-01-25,12:47:38,-08:00,2025-01-25T12:47:38-08:00,0,19
global.js,25,js,7883f213,CherieXiao,2025-01-25,12:47:38,-08:00,2025-01-25T12:47:38-08:00,0,65
global.js,26,js,128deaf8,CherieXiao,2025-01-25,16:47:11,-08:00,2025-01-25T16:47:11-08:00,0,35
global.js,27,js,128deaf8,CherieXiao,2025-01-25,16:47:11,-08:00,2025-01-25T16:47:11-08:00,0,12
global.js,28,js,128deaf8,CherieXiao,2025-01-25,16:47:11,-08:00,2025-01-25T16:47:11-08:00,0,21
global.js,29,js,128deaf8,CherieXiao,2025-01-25,16:47:11,-08:00,2025-01-25T16:47:11-08:00,0,13
global.js,30,js,128deaf8,CherieXiao,2025-01-25,16:47:11,-08:00,2025-01-25T16:47:11-08:00,0,0
global.js,31,js,128deaf8,CherieXiao,2025-01-25,16:47:11,-08:00,2025-01-25T16:47:11-08:00,0,66
global.js,32,js,128deaf8,CherieXiao,2025-01-25,16:47:11,-08:00,2025-01-25T16:47:11-08:00,0,26
global.js,33,js,128deaf8,CherieXiao,2025-01-25,16:47:11,-08:00,2025-01-25T16:47:11-08:00,0,0
global.js,34,js,128deaf8,CherieXiao,2025-01-25,16:47:11,-08:00,2025-01-25T16:47:11-08:00,0,0
global.js,35,js,128deaf8,CherieXiao,2025-01-25,16:47:11,-08:00,2025-01-25T16:47:11-08:00,0,18
global.js,36,js,128deaf8,CherieXiao,2025-01-25,16:47:11,-08:00,2025-01-25T16:47:11-08:00,0,9
global.js,37,js,128deaf8,CherieXiao,2025-01-25,16:47:11,-08:00,2025-01-25T16:47:11-08:00,0,59
global.js,38,js,128deaf8,CherieXiao,2025-01-25,16:47:11,-08:00,2025-01-25T16:47:11-08:00,0,1
global.js,39,js,128deaf8,CherieXiao,2025-01-25,16:47:11,-08:00,2025-01-25T16:47:11-08:00,0,0
global.js,40,js,128deaf8,CherieXiao,2025-01-25,16:47:11,-08:00,2025-01-25T16:47:11-08:00,0,30
global.js,41,js,128deaf8,CherieXiao,2025-01-25,16:47:11,-08:00,2025-01-25T16:47:11-08:00,0,19
global.js,42,js,128deaf8,CherieXiao,2025-01-25,16:47:11,-08:00,2025-01-25T16:47:11-08:00,0,0
global.js,43,js,7883f213,CherieXiao,2025-01-25,12:47:38,-08:00,2025-01-25T12:47:38-08:00,0,0
global.js,44,js,7883f213,CherieXiao,2025-01-25,12:47:38,-08:00,2025-01-25T12:47:38-08:00,0,0
global.js,45,js,87e2b735,CherieXiao,2025-01-25,19:33:54,-08:00,2025-01-25T19:33:54-08:00,0,32
global.js,46,js,87e2b735,CherieXiao,2025-01-25,19:33:54,-08:00,2025-01-25T19:33:54-08:00,0,12
global.js,47,js,87e2b735,CherieXiao,2025-01-25,19:33:54,-08:00,2025-01-25T19:33:54-08:00,0,0
global.js,48,js,87e2b735,CherieXiao,2025-01-25,19:33:54,-08:00,2025-01-25T19:33:54-08:00,1,27
global.js,49,js,87e2b735,CherieXiao,2025-01-25,19:33:54,-08:00,2025-01-25T19:33:54-08:00,2,5
global.js,50,js,87e2b735,CherieXiao,2025-01-25,19:33:54,-08:00,2025-01-25T19:33:54-08:00,2,7
global.js,51,js,87e2b735,CherieXiao,2025-01-25,19:33:54,-08:00,2025-01-25T19:33:54-08:00,0,44
global.js,52,js,87e2b735,CherieXiao,2025-01-25,19:33:54,-08:00,2025-01-25T19:33:54-08:00,0,35
global.js,53,js,87e2b735,CherieXiao,2025-01-25,19:33:54,-08:00,2025-01-25T19:33:54-08:00,0,33
global.js,54,js,87e2b735,CherieXiao,2025-01-25,19:33:54,-08:00,2025-01-25T19:33:54-08:00,2,8
global.js,55,js,87e2b735,CherieXiao,2025-01-25,19:33:54,-08:00,2025-01-25T19:33:54-08:00,1,8
global.js,56,js,87e2b735,CherieXiao,2025-01-25,19:33:54,-08:00,2025-01-25T19:33:54-08:00,0,1
global.js,57,js,87e2b735,CherieXiao,2025-01-25,19:33:54,-08:00,2025-01-25T19:33:54-08:00,0,0
global.js,58,js,8f96c365,CherieXiao,2025-01-25,19:38:19,-08:00,2025-01-25T19:38:19-08:00,0,0
global.js,59,js,87e2b735,CherieXiao,2025-01-25,19:33:54,-08:00,2025-01-25T19:33:54-08:00,0,61
global.js,60,js,87e2b735,CherieXiao,2025-01-25,19:33:54,-08:00,2025-01-25T19:33:54-08:00,0,0
global.js,61,js,87e2b735,CherieXiao,2025-01-25,19:33:54,-08:00,2025-01-25T19:33:54-08:00,0,35
global.js,62,js,87e2b735,CherieXiao,2025-01-25,19:33:54,-08:00,2025-01-25T19:33:54-08:00,0,45
global.js,63,js,87e2b735,CherieXiao,2025-01-25,19:33:54,-08:00,2025-01-25T19:33:54-08:00,0,72
global.js,64,js,87e2b735,CherieXiao,2025-01-25,19:33:54,-08:00,2025-01-25T19:33:54-08:00,0,27
global.js,65,js,87e2b735,CherieXiao,2025-01-25,19:33:54,-08:00,2025-01-25T19:33:54-08:00,0,0
global.js,66,js,87e2b735,CherieXiao,2025-01-25,19:33:54,-08:00,2025-01-25T19:33:54-08:00,0,0
global.js,67,js,87e2b735,CherieXiao,2025-01-25,19:33:54,-08:00,2025-01-25T19:33:54-08:00,0,50
global.js,68,js,8f96c365,CherieXiao,2025-01-25,19:38:19,-08:00,2025-01-25T19:38:19-08:00,0,41
global.js,69,js,8f96c365,CherieXiao,2025-01-25,19:38:19,-08:00,2025-01-25T19:38:19-08:00,0,74
global.js,70,js,87e2b735,CherieXiao,2025-01-25,19:33:54,-08:00,2025-01-25T19:33:54-08:00,0,41
global.js,71,js,87e2b735,CherieXiao,2025-01-25,19:33:54,-08:00,2025-01-25T19:33:54-08:00,0,2
global.js,72,js,87e2b735,CherieXiao,2025-01-25,19:33:54,-08:00,2025-01-25T19:33:54-08:00,0,0
global.js,73,js,cc1cfb3d,CherieXiao,2025-02-01,23:00:27,-08:00,2025-02-01T23:00:27-08:00,0,0
global.js,74,js,cc1cfb3d,CherieXiao,2025-02-01,23:00:27,-08:00,2025-02-01T23:00:27-08:00,0,37
global.js,75,js,cc1cfb3d,CherieXiao,2025-02-01,23:00:27,-08:00,2025-02-01T23:00:27-08:00,0,4
global.js,76,js,cc1cfb3d,CherieXiao,2025-02-01,23:00:27,-08:00,2025-02-01T23:00:27-08:00,0,33
global.js,77,js,cc1cfb3d,CherieXiao,2025-02-01,23:00:27,-08:00,2025-02-01T23:00:27-08:00,0,18
global.js,78,js,cc1cfb3d,CherieXiao,2025-02-01,23:00:27,-08:00,2025-02-01T23:00:27-08:00,0,67
global.js,79,js,cc1cfb3d,CherieXiao,2025-02-01,23:00:27,-08:00,2025-02-01T23:00:27-08:00,0,0
global.js,80,js,cc1cfb3d,CherieXiao,2025-02-01,23:00:27,-08:00,2025-02-01T23:00:27-08:00,0,34
global.js,81,js,cc1cfb3d,CherieXiao,2025-02-01,23:00:27,-08:00,2025-02-01T23:00:27-08:00,0,11
global.js,82,js,cc1cfb3d,CherieXiao,2025-02-01,23:00:27,-08:00,2025-02-01T23:00:27-08:00,0,16
global.js,83,js,cc1cfb3d,CherieXiao,2025-02-01,23:00:27,-08:00,2025-02-01T23:00:27-08:00,0,60
global.js,84,js,cc1cfb3d,CherieXiao,2025-02-01,23:00:27,-08:00,2025-02-01T23:00:27-08:00,0,0
global.js,85,js,cc1cfb3d,CherieXiao,2025-02-01,23:00:27,-08:00,2025-02-01T23:00:27-08:00,0,0
global.js,86,js,cc1cfb3d,CherieXiao,2025-02-01,23:00:27,-08:00,2025-02-01T23:00:27-08:00,0,0
global.js,87,js,cc1cfb3d,CherieXiao,2025-02-01,23:00:27,-08:00,2025-02-01T23:00:27-08:00,0,59
global.js,88,js,cc1cfb3d,CherieXiao,2025-02-01,23:00:27,-08:00,2025-02-01T23:00:27-08:00,0,31
global.js,89,js,cc1cfb3d,CherieXiao,2025-02-01,23:00:27,-08:00,2025-02-01T23:00:27-08:00,0,0
global.js,90,js,cc1cfb3d,CherieXiao,2025-02-01,23:00:27,-08:00,2025-02-01T23:00:27-08:00,0,30
global.js,91,js,cc1cfb3d,CherieXiao,2025-02-01,23:00:27,-08:00,2025-02-01T23:00:27-08:00,0,0
global.js,92,js,cc1cfb3d,CherieXiao,2025-02-01,23:00:27,-08:00,2025-02-01T23:00:27-08:00,0,49
global.js,93,js,cc1cfb3d,CherieXiao,2025-02-01,23:00:27,-08:00,2025-02-01T23:00:27-08:00,0,20
global.js,94,js,cc1cfb3d,CherieXiao,2025-02-01,23:00:27,-08:00,2025-02-01T23:00:27-08:00,0,24
global.js,95,js,cc1cfb3d,CherieXiao,2025-02-01,23:00:27,-08:00,2025-02-01T23:00:27-08:00,0,52
global.js,96,js,05dce558,CherieXiao,2025-02-07,19:36:28,-08:00,2025-02-07T19:36:28-08:00,0,25
global.js,97,js,05dce558,CherieXiao,2025-02-07,19:36:28,-08:00,2025-02-07T19:36:28-08:00,0,28
global.js,98,js,05dce558,CherieXiao,2025-02-07,19:36:28,-08:00,2025-02-07T19:36:28-08:00,0,48
global.js,99,js,05dce558,CherieXiao,2025-02-07,19:36:28,-08:00,2025-02-07T19:36:28-08:00,0,5
global.js,100,js,cc1cfb3d,CherieXiao,2025-02-01,23:00:27,-08:00,2025-02-01T23:00:27-08:00,0,1
global.js,101,js,cc1cfb3d,CherieXiao,2025-02-01,23:00:27,-08:00,2025-02-01T23:00:27-08:00,0,37
global.js,102,js,cc1cfb3d,CherieXiao,2025-02-01,23:00:27,-08:00,2025-02-01T23:00:27-08:00,0,2
global.js,103,js,cc1cfb3d,CherieXiao,2025-02-01,23:00:27,-08:00,2025-02-01T23:00:27-08:00,0,0
global.js,104,js,cc1cfb3d,CherieXiao,2025-02-01,23:00:27,-08:00,2025-02-01T23:00:27-08:00,0,0
global.js,105,js,cc1cfb3d,CherieXiao,2025-02-01,23:00:27,-08:00,2025-02-01T23:00:27-08:00,0,48
global.js,106,js,cc1cfb3d,CherieXiao,2025-02-01,23:00:27,-08:00,2025-02-01T23:00:27-08:00,0,4
global.js,107,js,cc1cfb3d,CherieXiao,2025-02-01,23:00:27,-08:00,2025-02-01T23:00:27-08:00,0,72
global.js,108,js,cc1cfb3d,CherieXiao,2025-02-01,23:00:27,-08:00,2025-02-01T23:00:27-08:00,0,46
global.js,109,js,cc1cfb3d,CherieXiao,2025-02-01,23:00:27,-08:00,2025-02-01T23:00:27-08:00,0,11
global.js,110,js,cc1cfb3d,CherieXiao,2025-02-01,23:00:27,-08:00,2025-02-01T23:00:27-08:00,0,16
global.js,111,js,cc1cfb3d,CherieXiao,2025-02-01,23:00:27,-08:00,2025-02-01T23:00:27-08:00,0,52
global.js,112,js,cc1cfb3d,CherieXiao,2025-02-01,23:00:27,-08:00,2025-02-01T23:00:27-08:00,0,11
global.js,113,js,cc1cfb3d,CherieXiao,2025-02-01,23:00:27,-08:00,2025-02-01T23:00:27-08:00,0,0
global.js,114,js,05dce558,CherieXiao,2025-02-07,19:36:28,-08:00,2025-02-07T19:36:28-08:00,0,0
global.js,115,js,05dce558,CherieXiao,2025-02-07,19:36:28,-08:00,2025-02-07T19:36:28-08:00,0,0
global.js,116,js,05dce558,CherieXiao,2025-02-07,19:36:28,-08:00,2025-02-07T19:36:28-08:00,0,0
projects/projects.js,1,js,cc1cfb3d,CherieXiao,2025-02-01,23:00:27,-08:00,2025-02-01T23:00:27-08:00,0,56
projects/projects.js,2,js,05dce558,CherieXiao,2025-02-07,19:36:28,-08:00,2025-02-07T19:36:28-08:00,0,64
projects/projects.js,3,js,cc1cfb3d,CherieXiao,2025-02-01,23:00:27,-08:00,2025-02-01T23:00:27-08:00,0,0
projects/projects.js,4,js,cc1cfb3d,CherieXiao,2025-02-01,23:00:27,-08:00,2025-02-01T23:00:27-08:00,0,56
projects/projects.js,5,js,cc1cfb3d,CherieXiao,2025-02-01,23:00:27,-08:00,2025-02-01T23:00:27-08:00,0,61
projects/projects.js,6,js,cc1cfb3d,CherieXiao,2025-02-01,23:00:27,-08:00,2025-02-01T23:00:27-08:00,0,63
projects/projects.js,7,js,2f1a1d94,CherieXiao,2025-02-15,20:08:43,-08:00,2025-02-15T20:08:43-08:00,0,56
projects/projects.js,8,js,05dce558,CherieXiao,2025-02-07,19:36:28,-08:00,2025-02-07T19:36:28-08:00,0,0
projects/projects.js,9,js,2f1a1d94,CherieXiao,2025-02-15,20:08:43,-08:00,2025-02-15T20:08:43-08:00,0,14
projects/projects.js,10,js,d178e021,CherieXiao,2025-02-21,08:57:27,-08:00,2025-02-21T08:57:27-08:00,0,21
projects/projects.js,11,js,d178e021,CherieXiao,2025-02-21,08:57:27,-08:00,2025-02-21T08:57:27-08:00,0,0
projects/projects.js,12,js,d178e021,CherieXiao,2025-02-21,08:57:27,-08:00,2025-02-21T08:57:27-08:00,0,15
projects/projects.js,13,js,6e7a75e9,CherieXiao,2025-02-21,07:01:00,-08:00,2025-02-21T07:01:00-08:00,0,0
projects/projects.js,14,js,2f1a1d94,CherieXiao,2025-02-15,20:08:43,-08:00,2025-02-15T20:08:43-08:00,0,49
projects/projects.js,15,js,2f1a1d94,CherieXiao,2025-02-15,20:08:43,-08:00,2025-02-15T20:08:43-08:00,0,40
projects/projects.js,16,js,d178e021,CherieXiao,2025-02-21,08:57:27,-08:00,2025-02-21T08:57:27-08:00,0,15
projects/projects.js,17,js,2f1a1d94,CherieXiao,2025-02-15,20:08:43,-08:00,2025-02-15T20:08:43-08:00,0,2
projects/projects.js,18,js,31e75c13,CherieXiao,2025-02-15,02:37:56,-08:00,2025-02-15T02:37:56-08:00,0,0
projects/projects.js,19,js,d178e021,CherieXiao,2025-02-21,08:57:27,-08:00,2025-02-21T08:57:27-08:00,0,31
projects/projects.js,20,js,d178e021,CherieXiao,2025-02-21,08:57:27,-08:00,2025-02-21T08:57:27-08:00,0,0
projects/projects.js,21,js,d178e021,CherieXiao,2025-02-21,08:57:27,-08:00,2025-02-21T08:57:27-08:00,0,50
projects/projects.js,22,js,d178e021,CherieXiao,2025-02-21,08:57:27,-08:00,2025-02-21T08:57:27-08:00,0,28
projects/projects.js,23,js,d178e021,CherieXiao,2025-02-21,08:57:27,-08:00,2025-02-21T08:57:27-08:00,0,9
projects/projects.js,24,js,d178e021,CherieXiao,2025-02-21,08:57:27,-08:00,2025-02-21T08:57:27-08:00,0,13
projects/projects.js,25,js,d178e021,CherieXiao,2025-02-21,08:57:27,-08:00,2025-02-21T08:57:27-08:00,0,16
projects/projects.js,26,js,d178e021,CherieXiao,2025-02-21,08:57:27,-08:00,2025-02-21T08:57:27-08:00,0,2
projects/projects.js,27,js,d178e021,CherieXiao,2025-02-21,08:57:27,-08:00,2025-02-21T08:57:27-08:00,0,0
projects/projects.js,28,js,d178e021,CherieXiao,2025-02-21,08:57:27,-08:00,2025-02-21T08:57:27-08:00,0,25
projects/projects.js,29,js,d178e021,CherieXiao,2025-02-21,08:57:27,-08:00,2025-02-21T08:57:27-08:00,0,52
projects/projects.js,30,js,d178e021,CherieXiao,2025-02-21,08:57:27,-08:00,2025-02-21T08:57:27-08:00,0,16
projects/projects.js,31,js,d178e021,CherieXiao,2025-02-21,08:57:27,-08:00,2025-02-21T08:57:27-08:00,0,0
projects/projects.js,32,js,d178e021,CherieXiao,2025-02-21,08:57:27,-08:00,2025-02-21T08:57:27-08:00,0,0
projects/projects.js,33,js,d178e021,CherieXiao,2025-02-21,08:57:27,-08:00,2025-02-21T08:57:27-08:00,0,25
projects/projects.js,34,js,d178e021,CherieXiao,2025-02-21,08:57:27,-08:00,2025-02-21T08:57:27-08:00,0,43
projects/projects.js,35,js,d178e021,CherieXiao,2025-02-21,08:57:27,-08:00,2025-02-21T08:57:27-08:00,0,0
projects/projects.js,36,js,d178e021,CherieXiao,2025-02-21,08:57:27,-08:00,2025-02-21T08:57:27-08:00,0,62
projects/projects.js,37,js,d178e021,CherieXiao,2025-02-21,08:57:27,-08:00,2025-02-21T08:57:27-08:00,0,54
projects/projects.js,38,js,d178e021,CherieXiao,2025-02-21,08:57:27,-08:00,2025-02-21T08:57:27-08:00,0,0
projects/projects.js,39,js,d178e021,CherieXiao,2025-02-21,08:57:27,-08:00,2025-02-21T08:57:27-08:00,0,50
projects/projects.js,40,js,d178e021,CherieXiao,2025-02-21,08:57:27,-08:00,2025-02-21T08:57:27-08:00,0,28
projects/projects.js,41,js,d178e021,CherieXiao,2025-02-21,08:57:27,-08:00,2025-02-21T08:57:27-08:00,0,9
projects/projects.js,42,js,d178e021,CherieXiao,2025-02-21,08:57:27,-08:00,2025-02-21T08:57:27-08:00,0,13
projects/projects.js,43,js,d178e021,CherieXiao,2025-02-21,08:57:27,-08:00,2025-02-21T08:57:27-08:00,0,16
projects/projects.js,44,js,d178e021,CherieXiao,2025-02-21,08:57:27,-08:00,2025-02-21T08:57:27-08:00,0,2
projects/projects.js,45,js,d178e021,CherieXiao,2025-02-21,08:57:27,-08:00,2025-02-21T08:57:27-08:00,0,0
projects/projects.js,46,js,d178e021,CherieXiao,2025-02-21,08:57:27,-08:00,2025-02-21T08:57:27-08:00,0,30
projects/projects.js,47,js,d178e021,CherieXiao,2025-02-21,08:57:27,-08:00,2025-02-21T08:57:27-08:00,0,0
projects/projects.js,48,js,d178e021,CherieXiao,2025-02-21,08:57:27,-08:00,2025-02-21T08:57:27-08:00,0,0
projects/projects.js,49,js,d178e021,CherieXiao,2025-02-21,08:57:27,-08:00,2025-02-21T08:57:27-08:00,0,45
projects/projects.js,50,js,d178e021,CherieXiao,2025-02-21,08:57:27,-08:00,2025-02-21T08:57:27-08:00,0,47
projects/projects.js,51,js,d178e021,CherieXiao,2025-02-21,08:57:27,-08:00,2025-02-21T08:57:27-08:00,0,44
projects/projects.js,52,js,2f1a1d94,CherieXiao,2025-02-15,20:08:43,-08:00,2025-02-15T20:08:43-08:00,0,0
projects/projects.js,53,js,d178e021,CherieXiao,2025-02-21,08:57:27,-08:00,2025-02-21T08:57:27-08:00,0,29
projects/projects.js,54,js,d178e021,CherieXiao,2025-02-21,08:57:27,-08:00,2025-02-21T08:57:27-08:00,0,19
projects/projects.js,55,js,2f1a1d94,CherieXiao,2025-02-15,20:08:43,-08:00,2025-02-15T20:08:43-08:00,0,13
projects/projects.js,56,js,2f1a1d94,CherieXiao,2025-02-15,20:08:43,-08:00,2025-02-15T20:08:43-08:00,0,10
projects/projects.js,57,js,2f1a1d94,CherieXiao,2025-02-15,20:08:43,-08:00,2025-02-15T20:08:43-08:00,0,1
projects/projects.js,58,js,d178e021,CherieXiao,2025-02-21,08:57:27,-08:00,2025-02-21T08:57:27-08:00,0,0
projects/projects.js,59,js,d178e021,CherieXiao,2025-02-21,08:57:27,-08:00,2025-02-21T08:57:27-08:00,0,51
projects/projects.js,60,js,d178e021,CherieXiao,2025-02-21,08:57:27,-08:00,2025-02-21T08:57:27-08:00,0,4
projects/projects.js,61,js,d178e021,CherieXiao,2025-02-21,08:57:27,-08:00,2025-02-21T08:57:27-08:00,0,5
projects/projects.js,62,js,d178e021,CherieXiao,2025-02-21,08:57:27,-08:00,2025-02-21T08:57:27-08:00,0,30
projects/projects.js,63,js,2f1a1d94,CherieXiao,2025-02-15,20:08:43,-08:00,2025-02-15T20:08:43-08:00,0,3
projects/projects.js,64,js,2f1a1d94,CherieXiao,2025-02-15,20:08:43,-08:00,2025-02-15T20:08:43-08:00,0,0
projects/projects.js,65,js,d178e021,CherieXiao,2025-02-21,08:57:27,-08:00,2025-02-21T08:57:27-08:00,0,49
projects/projects.js,66,js,d178e021,CherieXiao,2025-02-21,08:57:27,-08:00,2025-02-21T08:57:27-08:00,0,40
projects/projects.js,67,js,d178e021,CherieXiao,2025-02-21,08:57:27,-08:00,2025-02-21T08:57:27-08:00,0,25
projects/projects.js,68,js,d178e021,CherieXiao,2025-02-21,08:57:27,-08:00,2025-02-21T08:57:27-08:00,0,51
projects/projects.js,69,js,d178e021,CherieXiao,2025-02-21,08:57:27,-08:00,2025-02-21T08:57:27-08:00,0,0
projects/projects.js,70,js,d178e021,CherieXiao,2025-02-21,08:57:27,-08:00,2025-02-21T08:57:27-08:00,0,35
projects/projects.js,71,js,d178e021,CherieXiao,2025-02-21,08:57:27,-08:00,2025-02-21T08:57:27-08:00,0,0
projects/projects.js,72,js,d178e021,CherieXiao,2025-02-21,08:57:27,-08:00,2025-02-21T08:57:27-08:00,0,20
projects/projects.js,73,js,d178e021,CherieXiao,2025-02-21,08:57:27,-08:00,2025-02-21T08:57:27-08:00,0,10
projects/projects.js,74,js,d178e021,CherieXiao,2025-02-21,08:57:27,-08:00,2025-02-21T08:57:27-08:00,0,7
projects/projects.js,75,js,d178e021,CherieXiao,2025-02-21,08:57:27,-08:00,2025-02-21T08:57:27-08:00,0,14
projects/projects.js,76,js,d178e021,CherieXiao,2025-02-21,08:57:27,-08:00,2025-02-21T08:57:27-08:00,0,14
projects/projects.js,77,js,d178e021,CherieXiao,2025-02-21,08:57:27,-08:00,2025-02-21T08:57:27-08:00,0,32
projects/projects.js,78,js,d178e021,CherieXiao,2025-02-21,08:57:27,-08:00,2025-02-21T08:57:27-08:00,0,41
projects/projects.js,79,js,d178e021,CherieXiao,2025-02-21,08:57:27,-08:00,2025-02-21T08:57:27-08:00,0,27
projects/projects.js,80,js,d178e021,CherieXiao,2025-02-21,08:57:27,-08:00,2025-02-21T08:57:27-08:00,0,49
projects/projects.js,81,js,d178e021,CherieXiao,2025-02-21,08:57:27,-08:00,2025-02-21T08:57:27-08:00,0,15
projects/projects.js,82,js,d178e021,CherieXiao,2025-02-21,08:57:27,-08:00,2025-02-21T08:57:27-08:00,0,2
projects/projects.js,83,js,2f1a1d94,CherieXiao,2025-02-15,20:08:43,-08:00,2025-02-15T20:08:43-08:00,0,0
projects/projects.js,84,js,2f1a1d94,CherieXiao,2025-02-15,20:08:43,-08:00,2025-02-15T20:08:43-08:00,0,35
projects/projects.js,85,js,d178e021,CherieXiao,2025-02-21,08:57:27,-08:00,2025-02-21T08:57:27-08:00,0,26
projects/projects.js,86,js,2f1a1d94,CherieXiao,2025-02-15,20:08:43,-08:00,2025-02-15T20:08:43-08:00,0,18
projects/projects.js,87,js,d178e021,CherieXiao,2025-02-21,08:57:27,-08:00,2025-02-21T08:57:27-08:00,0,38
projects/projects.js,88,js,d178e021,CherieXiao,2025-02-21,08:57:27,-08:00,2025-02-21T08:57:27-08:00,0,90
projects/projects.js,89,js,d178e021,CherieXiao,2025-02-21,08:57:27,-08:00,2025-02-21T08:57:27-08:00,0,19
projects/projects.js,90,js,d178e021,CherieXiao,2025-02-21,08:57:27,-08:00,2025-02-21T08:57:27-08:00,0,39
projects/projects.js,91,js,d178e021,CherieXiao,2025-02-21,08:57:27,-08:00,2025-02-21T08:57:27-08:00,0,15
projects/projects.js,92,js,d178e021,CherieXiao,2025-02-21,08:57:27,-08:00,2025-02-21T08:57:27-08:00,0,2
projects/projects.js,93,js,2f1a1d94,CherieXiao,2025-02-15,20:08:43,-08:00,2025-02-15T20:08:43-08:00,0,2
projects/projects.js,94,js,6e7a75e9,CherieXiao,2025-02-21,07:01:00,-08:00,2025-02-21T07:01:00-08:00,0,0
projects/index.html,1,html,e2ff213f,CherieXiao,2025-01-11,23:15:28,-08:00,2025-01-11T23:15:28-08:00,0,14
projects/index.html,2,html,e2ff213f,CherieXiao,2025-01-11,23:15:28,-08:00,2025-01-11T23:15:28-08:00,0,15
projects/index.html,3,html,7883f213,CherieXiao,2025-01-25,12:47:38,-08:00,2025-01-25T12:47:38-08:00,0,0
projects/index.html,4,html,e2ff213f,CherieXiao,2025-01-11,23:15:28,-08:00,2025-01-11T23:15:28-08:00,0,5
projects/index.html,5,html,e2ff213f,CherieXiao,2025-01-11,23:15:28,-08:00,2025-01-11T23:15:28-08:00,0,21
projects/index.html,6,html,e2ff213f,CherieXiao,2025-01-11,23:15:28,-08:00,2025-01-11T23:15:28-08:00,0,69
projects/index.html,7,html,e2ff213f,CherieXiao,2025-01-11,23:15:28,-08:00,2025-01-11T23:15:28-08:00,0,22
projects/index.html,8,html,1d673137,CherieXiao,2025-01-24,15:07:58,-08:00,2025-01-24T15:07:58-08:00,0,0
projects/index.html,9,html,71ef291f,CherieXiao,2025-01-17,18:16:47,-08:00,2025-01-17T18:16:47-08:00,0,42
projects/index.html,10,html,d178e021,CherieXiao,2025-02-21,08:57:27,-08:00,2025-02-21T08:57:27-08:00,0,0
projects/index.html,11,html,d178e021,CherieXiao,2025-02-21,08:57:27,-08:00,2025-02-21T08:57:27-08:00,0,0
projects/index.html,12,html,e2ff213f,CherieXiao,2025-01-11,23:15:28,-08:00,2025-01-11T23:15:28-08:00,0,6
projects/index.html,13,html,e2ff213f,CherieXiao,2025-01-11,23:15:28,-08:00,2025-01-11T23:15:28-08:00,0,5
projects/index.html,14,html,7883f213,CherieXiao,2025-01-25,12:47:38,-08:00,2025-01-25T12:47:38-08:00,0,49
projects/index.html,15,html,cc1cfb3d,CherieXiao,2025-02-01,23:00:27,-08:00,2025-02-01T23:00:27-08:00,0,31
projects/index.html,16,html,05dce558,CherieXiao,2025-02-07,19:36:28,-08:00,2025-02-07T19:36:28-08:00,0,22
projects/index.html,17,html,c38667dd,CherieXiao,2025-02-15,05:19:32,-08:00,2025-02-15T05:19:32-08:00,0,51
projects/index.html,18,html,d178e021,CherieXiao,2025-02-21,08:57:27,-08:00,2025-02-21T08:57:27-08:00,0,18
projects/index.html,19,html,d178e021,CherieXiao,2025-02-21,08:57:27,-08:00,2025-02-21T08:57:27-08:00,0,4
projects/index.html,20,html,05dce558,CherieXiao,2025-02-07,19:36:28,-08:00,2025-02-07T19:36:28-08:00,0,5
projects/index.html,21,html,2f1a1d94,CherieXiao,2025-02-15,20:08:43,-08:00,2025-02-15T20:08:43-08:00,0,5
projects/index.html,22,html,2f1a1d94,CherieXiao,2025-02-15,20:08:43,-08:00,2025-02-15T20:08:43-08:00,0,16
projects/index.html,23,html,2f1a1d94,CherieXiao,2025-02-15,20:08:43,-08:00,2025-02-15T20:08:43-08:00,0,12
projects/index.html,24,html,2f1a1d94,CherieXiao,2025-02-15,20:08:43,-08:00,2025-02-15T20:08:43-08:00,0,27
projects/index.html,25,html,2f1a1d94,CherieXiao,2025-02-15,20:08:43,-08:00,2025-02-15T20:08:43-08:00,0,32
projects/index.html,26,html,2f1a1d94,CherieXiao,2025-02-15,20:08:43,-08:00,2025-02-15T20:08:43-08:00,0,1
projects/index.html,27,html,8f7628b0,CherieXiao,2025-01-17,20:32:57,-08:00,2025-01-17T20:32:57-08:00,0,21
projects/index.html,28,html,cc1cfb3d,CherieXiao,2025-02-01,23:00:27,-08:00,2025-02-01T23:00:27-08:00,0,49
projects/index.html,29,html,cc1cfb3d,CherieXiao,2025-02-01,23:00:27,-08:00,2025-02-01T23:00:27-08:00,0,48
projects/index.html,30,html,8f7628b0,CherieXiao,2025-01-17,20:32:57,-08:00,2025-01-17T20:32:57-08:00,0,5
projects/index.html,31,html,d178e021,CherieXiao,2025-02-21,08:57:27,-08:00,2025-02-21T08:57:27-08:00,0,0
projects/index.html,32,html,e2ff213f,CherieXiao,2025-01-11,23:15:28,-08:00,2025-01-11T23:15:28-08:00,0,6
projects/index.html,33,html,d178e021,CherieXiao,2025-02-21,08:57:27,-08:00,2025-02-21T08:57:27-08:00,0,0
projects/index.html,34,html,d178e021,CherieXiao,2025-02-21,08:57:27,-08:00,2025-02-21T08:57:27-08:00,0,6
meta/meta.js,1,js,1922437e,CherieXiao,2025-02-24,19:35:12,-08:00,2025-02-24T19:35:12-08:00,0,13
meta/meta.js,2,js,1922437e,CherieXiao,2025-02-24,19:35:12,-08:00,2025-02-24T19:35:12-08:00,0,0
meta/meta.js,3,js,1922437e,CherieXiao,2025-02-24,19:35:12,-08:00,2025-02-24T19:35:12-08:00,0,26
meta/meta.js,4,js,1922437e,CherieXiao,2025-02-24,19:35:12,-08:00,2025-02-24T19:35:12-08:00,0,41
meta/meta.js,5,js,1922437e,CherieXiao,2025-02-24,19:35:12,-08:00,2025-02-24T19:35:12-08:00,0,6
meta/meta.js,6,js,1922437e,CherieXiao,2025-02-24,19:35:12,-08:00,2025-02-24T19:35:12-08:00,0,43
meta/meta.js,7,js,1922437e,CherieXiao,2025-02-24,19:35:12,-08:00,2025-02-24T19:35:12-08:00,0,24
meta/meta.js,8,js,1922437e,CherieXiao,2025-02-24,19:35:12,-08:00,2025-02-24T19:35:12-08:00,0,26
meta/meta.js,9,js,1922437e,CherieXiao,2025-02-24,19:35:12,-08:00,2025-02-24T19:35:12-08:00,0,50
meta/meta.js,10,js,1922437e,CherieXiao,2025-02-24,19:35:12,-08:00,2025-02-24T19:35:12-08:00,0,32
meta/meta.js,11,js,1922437e,CherieXiao,2025-02-24,19:35:12,-08:00,2025-02-24T19:35:12-08:00,0,3
meta/meta.js,12,js,a3ac3eca,CherieXiao,2025-02-25,00:59:31,-08:00,2025-02-25T00:59:31-08:00,0,16
meta/meta.js,13,js,a3ac3eca,CherieXiao,2025-02-25,00:59:31,-08:00,2025-02-25T00:59:31-08:00,0,14
meta/meta.js,14,js,a3ac3eca,CherieXiao,2025-02-25,00:59:31,-08:00,2025-02-25T00:59:31-08:00,0,19
meta/meta.js,15,js,a3ac3eca,CherieXiao,2025-02-25,00:59:31,-08:00,2025-02-25T00:59:31-08:00,0,0
meta/meta.js,16,js,a3ac3eca,CherieXiao,2025-02-25,00:59:31,-08:00,2025-02-25T00:59:31-08:00,0,0
meta/meta.js,17,js,a3ac3eca,CherieXiao,2025-02-25,00:59:31,-08:00,2025-02-25T00:59:31-08:00,0,58
meta/meta.js,18,js,a3ac3eca,CherieXiao,2025-02-25,00:59:31,-08:00,2025-02-25T00:59:31-08:00,0,16
meta/meta.js,19,js,a3ac3eca,CherieXiao,2025-02-25,00:59:31,-08:00,2025-02-25T00:59:31-08:00,0,2
meta/meta.js,20,js,a3ac3eca,CherieXiao,2025-02-25,00:59:31,-08:00,2025-02-25T00:59:31-08:00,0,0
meta/meta.js,21,js,a3ac3eca,CherieXiao,2025-02-25,00:59:31,-08:00,2025-02-25T00:59:31-08:00,0,46
meta/meta.js,22,js,a3ac3eca,CherieXiao,2025-02-25,00:59:31,-08:00,2025-02-25T00:59:31-08:00,0,0
meta/meta.js,23,js,a3ac3eca,CherieXiao,2025-02-25,00:59:31,-08:00,2025-02-25T00:59:31-08:00,0,26
meta/meta.js,24,js,a3ac3eca,CherieXiao,2025-02-25,00:59:31,-08:00,2025-02-25T00:59:31-08:00,0,11
meta/meta.js,25,js,a3ac3eca,CherieXiao,2025-02-25,00:59:31,-08:00,2025-02-25T00:59:31-08:00,0,29
meta/meta.js,26,js,a3ac3eca,CherieXiao,2025-02-25,00:59:31,-08:00,2025-02-25T00:59:31-08:00,0,26
meta/meta.js,27,js,a3ac3eca,CherieXiao,2025-02-25,00:59:31,-08:00,2025-02-25T00:59:31-08:00,0,20
meta/meta.js,28,js,a3ac3eca,CherieXiao,2025-02-25,00:59:31,-08:00,2025-02-25T00:59:31-08:00,0,54
meta/meta.js,29,js,a3ac3eca,CherieXiao,2025-02-25,00:59:31,-08:00,2025-02-25T00:59:31-08:00,0,10
meta/meta.js,30,js,a3ac3eca,CherieXiao,2025-02-25,00:59:31,-08:00,2025-02-25T00:59:31-08:00,0,10
meta/meta.js,31,js,a3ac3eca,CherieXiao,2025-02-25,00:59:31,-08:00,2025-02-25T00:59:31-08:00,0,60
meta/meta.js,32,js,a3ac3eca,CherieXiao,2025-02-25,00:59:31,-08:00,2025-02-25T00:59:31-08:00,0,6
meta/meta.js,33,js,a3ac3eca,CherieXiao,2025-02-25,00:59:31,-08:00,2025-02-25T00:59:31-08:00,0,4
meta/meta.js,34,js,a3ac3eca,CherieXiao,2025-02-25,00:59:31,-08:00,2025-02-25T00:59:31-08:00,0,4
meta/meta.js,35,js,a3ac3eca,CherieXiao,2025-02-25,00:59:31,-08:00,2025-02-25T00:59:31-08:00,0,8
meta/meta.js,36,js,a3ac3eca,CherieXiao,2025-02-25,00:59:31,-08:00,2025-02-25T00:59:31-08:00,0,8
meta/meta.js,37,js,a3ac3eca,CherieXiao,2025-02-25,00:59:31,-08:00,2025-02-25T00:59:31-08:00,0,58
meta/meta.js,38,js,a3ac3eca,CherieXiao,2025-02-25,00:59:31,-08:00,2025-02-25T00:59:31-08:00,0,24
meta/meta.js,39,js,a3ac3eca,CherieXiao,2025-02-25,00:59:31,-08:00,2025-02-25T00:59:31-08:00,0,1
meta/meta.js,40,js,a3ac3eca,CherieXiao,2025-02-25,00:59:31,-08:00,2025-02-25T00:59:31-08:00,0,0
meta/meta.js,41,js,a3ac3eca,CherieXiao,2025-02-25,00:59:31,-08:00,2025-02-25T00:59:31-08:00,0,36
meta/meta.js,42,js,a3ac3eca,CherieXiao,2025-02-25,00:59:31,-08:00,2025-02-25T00:59:31-08:00,0,12
meta/meta.js,43,js,a3ac3eca,CherieXiao,2025-02-25,00:59:31,-08:00,2025-02-25T00:59:31-08:00,0,39
meta/meta.js,44,js,a3ac3eca,CherieXiao,2025-02-25,00:59:31,-08:00,2025-02-25T00:59:31-08:00,0,54
meta/meta.js,45,js,a3ac3eca,CherieXiao,2025-02-25,00:59:31,-08:00,2025-02-25T00:59:31-08:00,0,2
meta/meta.js,46,js,a3ac3eca,CherieXiao,2025-02-25,00:59:31,-08:00,2025-02-25T00:59:31-08:00,0,0
meta/meta.js,47,js,a3ac3eca,CherieXiao,2025-02-25,00:59:31,-08:00,2025-02-25T00:59:31-08:00,0,10
meta/meta.js,48,js,a3ac3eca,CherieXiao,2025-02-25,00:59:31,-08:00,2025-02-25T00:59:31-08:00,0,2
meta/meta.js,49,js,a3ac3eca,CherieXiao,2025-02-25,00:59:31,-08:00,2025-02-25T00:59:31-08:00,0,0
meta/meta.js,50,js,a3ac3eca,CherieXiao,2025-02-25,00:59:31,-08:00,2025-02-25T00:59:31-08:00,0,0
meta/meta.js,51,js,a3ac3eca,CherieXiao,2025-02-25,00:59:31,-08:00,2025-02-25T00:59:31-08:00,0,24
meta/meta.js,52,js,a3ac3eca,CherieXiao,2025-02-25,00:59:31,-08:00,2025-02-25T00:59:31-08:00,0,66
meta/meta.js,53,js,a3ac3eca,CherieXiao,2025-02-25,00:59:31,-08:00,2025-02-25T00:59:31-08:00,0,0
meta/meta.js,54,js,a3ac3eca,CherieXiao,2025-02-25,00:59:31,-08:00,2025-02-25T00:59:31-08:00,0,68
meta/meta.js,55,js,a3ac3eca,CherieXiao,2025-02-25,00:59:31,-08:00,2025-02-25T00:59:31-08:00,0,33
meta/meta.js,56,js,a3ac3eca,CherieXiao,2025-02-25,00:59:31,-08:00,2025-02-25T00:59:31-08:00,0,0
meta/meta.js,57,js,a3ac3eca,CherieXiao,2025-02-25,00:59:31,-08:00,2025-02-25T00:59:31-08:00,0,59
meta/meta.js,58,js,a3ac3eca,CherieXiao,2025-02-25,00:59:31,-08:00,2025-02-25T00:59:31-08:00,0,37
meta/meta.js,59,js,a3ac3eca,CherieXiao,2025-02-25,00:59:31,-08:00,2025-02-25T00:59:31-08:00,0,35
meta/meta.js,60,js,a3ac3eca,CherieXiao,2025-02-25,00:59:31,-08:00,2025-02-25T00:59:31-08:00,0,0
meta/meta.js,61,js,a3ac3eca,CherieXiao,2025-02-25,00:59:31,-08:00,2025-02-25T00:59:31-08:00,0,55
meta/meta.js,62,js,a3ac3eca,CherieXiao,2025-02-25,00:59:31,-08:00,2025-02-25T00:59:31-08:00,0,39
meta/meta.js,63,js,a3ac3eca,CherieXiao,2025-02-25,00:59:31,-08:00,2025-02-25T00:59:31-08:00,0,33
meta/meta.js,64,js,a3ac3eca,CherieXiao,2025-02-25,00:59:31,-08:00,2025-02-25T00:59:31-08:00,0,0
meta/meta.js,65,js,a3ac3eca,CherieXiao,2025-02-25,00:59:31,-08:00,2025-02-25T00:59:31-08:00,0,47
meta/meta.js,66,js,a3ac3eca,CherieXiao,2025-02-25,00:59:31,-08:00,2025-02-25T00:59:31-08:00,0,43
meta/meta.js,67,js,a3ac3eca,CherieXiao,2025-02-25,00:59:31,-08:00,2025-02-25T00:59:31-08:00,0,35
meta/meta.js,68,js,a3ac3eca,CherieXiao,2025-02-25,00:59:31,-08:00,2025-02-25T00:59:31-08:00,0,0
meta/meta.js,69,js,a3ac3eca,CherieXiao,2025-02-25,00:59:31,-08:00,2025-02-25T00:59:31-08:00,0,78
meta/meta.js,70,js,a3ac3eca,CherieXiao,2025-02-25,00:59:31,-08:00,2025-02-25T00:59:31-08:00,0,64
meta/meta.js,71,js,a3ac3eca,CherieXiao,2025-02-25,00:59:31,-08:00,2025-02-25T00:59:31-08:00,0,43
meta/meta.js,72,js,a3ac3eca,CherieXiao,2025-02-25,00:59:31,-08:00,2025-02-25T00:59:31-08:00,0,35
meta/meta.js,73,js,a3ac3eca,CherieXiao,2025-02-25,00:59:31,-08:00,2025-02-25T00:59:31-08:00,0,0
meta/meta.js,74,js,a3ac3eca,CherieXiao,2025-02-25,00:59:31,-08:00,2025-02-25T00:59:31-08:00,0,43
meta/meta.js,75,js,a3ac3eca,CherieXiao,2025-02-25,00:59:31,-08:00,2025-02-25T00:59:31-08:00,0,37
meta/meta.js,76,js,a3ac3eca,CherieXiao,2025-02-25,00:59:31,-08:00,2025-02-25T00:59:31-08:00,0,30
meta/meta.js,77,js,a3ac3eca,CherieXiao,2025-02-25,00:59:31,-08:00,2025-02-25T00:59:31-08:00,0,0
meta/meta.js,78,js,a3ac3eca,CherieXiao,2025-02-25,00:59:31,-08:00,2025-02-25T00:59:31-08:00,0,55
meta/meta.js,79,js,a3ac3eca,CherieXiao,2025-02-25,00:59:31,-08:00,2025-02-25T00:59:31-08:00,0,37
meta/meta.js,80,js,a3ac3eca,CherieXiao,2025-02-25,00:59:31,-08:00,2025-02-25T00:59:31-08:00,0,30
meta/meta.js,81,js,a3ac3eca,CherieXiao,2025-02-25,00:59:31,-08:00,2025-02-25T00:59:31-08:00,0,0
meta/meta.js,82,js,a3ac3eca,CherieXiao,2025-02-25,00:59:31,-08:00,2025-02-25T00:59:31-08:00,0,78
meta/meta.js,83,js,a3ac3eca,CherieXiao,2025-02-25,00:59:31,-08:00,2025-02-25T00:59:31-08:00,0,61
meta/meta.js,84,js,a3ac3eca,CherieXiao,2025-02-25,00:59:31,-08:00,2025-02-25T00:59:31-08:00,0,91
meta/meta.js,85,js,a3ac3eca,CherieXiao,2025-02-25,00:59:31,-08:00,2025-02-25T00:59:31-08:00,0,51
meta/meta.js,86,js,a3ac3eca,CherieXiao,2025-02-25,00:59:31,-08:00,2025-02-25T00:59:31-08:00,0,41
meta/meta.js,87,js,a3ac3eca,CherieXiao,2025-02-25,00:59:31,-08:00,2025-02-25T00:59:31-08:00,0,0
meta/meta.js,88,js,a3ac3eca,CherieXiao,2025-02-25,00:59:31,-08:00,2025-02-25T00:59:31-08:00,0,114
meta/meta.js,89,js,a3ac3eca,CherieXiao,2025-02-25,00:59:31,-08:00,2025-02-25T00:59:31-08:00,0,59
meta/meta.js,90,js,a3ac3eca,CherieXiao,2025-02-25,00:59:31,-08:00,2025-02-25T00:59:31-08:00,0,53
meta/meta.js,91,js,a3ac3eca,CherieXiao,2025-02-25,00:59:31,-08:00,2025-02-25T00:59:31-08:00,0,31
meta/meta.js,92,js,a3ac3eca,CherieXiao,2025-02-25,00:59:31,-08:00,2025-02-25T00:59:31-08:00,0,0
meta/meta.js,93,js,a3ac3eca,CherieXiao,2025-02-25,00:59:31,-08:00,2025-02-25T00:59:31-08:00,0,0
meta/meta.js,94,js,a3ac3eca,CherieXiao,2025-02-25,00:59:31,-08:00,2025-02-25T00:59:31-08:00,0,29
meta/meta.js,95,js,a3ac3eca,CherieXiao,2025-02-25,00:59:31,-08:00,2025-02-25T00:59:31-08:00,0,18
meta/meta.js,96,js,a3ac3eca,CherieXiao,2025-02-25,00:59:31,-08:00,2025-02-25T00:59:31-08:00,0,18
meta/meta.js,97,js,a3ac3eca,CherieXiao,2025-02-25,00:59:31,-08:00,2025-02-25T00:59:31-08:00,0,0
meta/meta.js,98,js,a3ac3eca,CherieXiao,2025-02-25,00:59:31,-08:00,2025-02-25T00:59:31-08:00,0,13
meta/meta.js,99,js,a3ac3eca,CherieXiao,2025-02-25,00:59:31,-08:00,2025-02-25T00:59:31-08:00,0,16
meta/meta.js,100,js,a3ac3eca,CherieXiao,2025-02-25,00:59:31,-08:00,2025-02-25T00:59:31-08:00,0,13
meta/meta.js,101,js,a3ac3eca,CherieXiao,2025-02-25,00:59:31,-08:00,2025-02-25T00:59:31-08:00,0,41
meta/meta.js,102,js,a3ac3eca,CherieXiao,2025-02-25,00:59:31,-08:00,2025-02-25T00:59:31-08:00,0,29
meta/meta.js,103,js,a3ac3eca,CherieXiao,2025-02-25,00:59:31,-08:00,2025-02-25T00:59:31-08:00,0,0
meta/meta.js,104,js,a3ac3eca,CherieXiao,2025-02-25,00:59:31,-08:00,2025-02-25T00:59:31-08:00,0,16
meta/meta.js,105,js,a3ac3eca,CherieXiao,2025-02-25,00:59:31,-08:00,2025-02-25T00:59:31-08:00,0,11
meta/meta.js,106,js,a3ac3eca,CherieXiao,2025-02-25,00:59:31,-08:00,2025-02-25T00:59:31-08:00,0,45
meta/meta.js,107,js,a3ac3eca,CherieXiao,2025-02-25,00:59:31,-08:00,2025-02-25T00:59:31-08:00,0,17
meta/meta.js,108,js,a3ac3eca,CherieXiao,2025-02-25,00:59:31,-08:00,2025-02-25T00:59:31-08:00,0,7
meta/meta.js,109,js,a3ac3eca,CherieXiao,2025-02-25,00:59:31,-08:00,2025-02-25T00:59:31-08:00,0,0
meta/meta.js,110,js,a3ac3eca,CherieXiao,2025-02-25,00:59:31,-08:00,2025-02-25T00:59:31-08:00,0,66
meta/meta.js,111,js,a3ac3eca,CherieXiao,2025-02-25,00:59:31,-08:00,2025-02-25T00:59:31-08:00,0,0
meta/meta.js,112,js,a3ac3eca,CherieXiao,2025-02-25,00:59:31,-08:00,2025-02-25T00:59:31-08:00,0,50
meta/meta.js,113,js,a3ac3eca,CherieXiao,2025-02-25,00:59:31,-08:00,2025-02-25T00:59:31-08:00,0,0
meta/meta.js,114,js,a3ac3eca,CherieXiao,2025-02-25,00:59:31,-08:00,2025-02-25T00:59:31-08:00,0,3
meta/meta.js,115,js,9a1c9833,CherieXiao,2025-02-25,02:54:38,-08:00,2025-02-25T02:54:38-08:00,0,19
meta/meta.js,116,js,9a1c9833,CherieXiao,2025-02-25,02:54:38,-08:00,2025-02-25T02:54:38-08:00,0,13
meta/meta.js,117,js,9a1c9833,CherieXiao,2025-02-25,02:54:38,-08:00,2025-02-25T02:54:38-08:00,0,14
meta/meta.js,118,js,9a1c9833,CherieXiao,2025-02-25,02:54:38,-08:00,2025-02-25T02:54:38-08:00,0,37
meta/meta.js,119,js,9a1c9833,CherieXiao,2025-02-25,02:54:38,-08:00,2025-02-25T02:54:38-08:00,0,37
meta/meta.js,120,js,9a1c9833,CherieXiao,2025-02-25,02:54:38,-08:00,2025-02-25T02:54:38-08:00,0,12
meta/meta.js,121,js,9a1c9833,CherieXiao,2025-02-25,02:54:38,-08:00,2025-02-25T02:54:38-08:00,0,25
meta/meta.js,122,js,9a1c9833,CherieXiao,2025-02-25,02:54:38,-08:00,2025-02-25T02:54:38-08:00,0,37
meta/meta.js,123,js,9a1c9833,CherieXiao,2025-02-25,02:54:38,-08:00,2025-02-25T02:54:38-08:00,0,28
meta/meta.js,124,js,9a1c9833,CherieXiao,2025-02-25,02:54:38,-08:00,2025-02-25T02:54:38-08:00,0,29
meta/meta.js,125,js,9a1c9833,CherieXiao,2025-02-25,02:54:38,-08:00,2025-02-25T02:54:38-08:00,0,28
meta/meta.js,126,js,9a1c9833,CherieXiao,2025-02-25,02:54:38,-08:00,2025-02-25T02:54:38-08:00,0,1
meta/meta.js,127,js,9a1c9833,CherieXiao,2025-02-25,02:54:38,-08:00,2025-02-25T02:54:38-08:00,0,24
meta/meta.js,128,js,9a1c9833,CherieXiao,2025-02-25,02:54:38,-08:00,2025-02-25T02:54:38-08:00,0,24
meta/meta.js,129,js,9a1c9833,CherieXiao,2025-02-25,02:54:38,-08:00,2025-02-25T02:54:38-08:00,0,30
meta/meta.js,130,js,9a1c9833,CherieXiao,2025-02-25,02:54:38,-08:00,2025-02-25T02:54:38-08:00,0,2
meta/meta.js,131,js,a3ac3eca,CherieXiao,2025-02-25,00:59:31,-08:00,2025-02-25T00:59:31-08:00,0,0
meta/meta.js,132,js,a3ac3eca,CherieXiao,2025-02-25,00:59:31,-08:00,2025-02-25T00:59:31-08:00,0,59
meta/meta.js,133,js,a3ac3eca,CherieXiao,2025-02-25,00:59:31,-08:00,2025-02-25T00:59:31-08:00,0,19
meta/meta.js,134,js,a3ac3eca,CherieXiao,2025-02-25,00:59:31,-08:00,2025-02-25T00:59:31-08:00,0,15
meta/meta.js,135,js,a3ac3eca,CherieXiao,2025-02-25,00:59:31,-08:00,2025-02-25T00:59:31-08:00,0,27
meta/meta.js,136,js,a3ac3eca,CherieXiao,2025-02-25,00:59:31,-08:00,2025-02-25T00:59:31-08:00,0,30
meta/meta.js,137,js,a3ac3eca,CherieXiao,2025-02-25,00:59:31,-08:00,2025-02-25T00:59:31-08:00,0,17
meta/meta.js,138,js,a3ac3eca,CherieXiao,2025-02-25,00:59:31,-08:00,2025-02-25T00:59:31-08:00,0,41
meta/meta.js,139,js,a3ac3eca,CherieXiao,2025-02-25,00:59:31,-08:00,2025-02-25T00:59:31-08:00,0,43
meta/meta.js,140,js,a3ac3eca,CherieXiao,2025-02-25,00:59:31,-08:00,2025-02-25T00:59:31-08:00,0,1
meta/meta.js,141,js,a3ac3eca,CherieXiao,2025-02-25,00:59:31,-08:00,2025-02-25T00:59:31-08:00,0,0
meta/meta.js,142,js,a3ac3eca,CherieXiao,2025-02-25,00:59:31,-08:00,2025-02-25T00:59:31-08:00,0,31
meta/meta.js,143,js,a3ac3eca,CherieXiao,2025-02-25,00:59:31,-08:00,2025-02-25T00:59:31-08:00,0,49
meta/meta.js,144,js,a3ac3eca,CherieXiao,2025-02-25,00:59:31,-08:00,2025-02-25T00:59:31-08:00,0,49
meta/meta.js,145,js,a3ac3eca,CherieXiao,2025-02-25,00:59:31,-08:00,2025-02-25T00:59:31-08:00,0,0
meta/meta.js,146,js,a3ac3eca,CherieXiao,2025-02-25,00:59:31,-08:00,2025-02-25T00:59:31-08:00,0,20
meta/meta.js,147,js,a3ac3eca,CherieXiao,2025-02-25,00:59:31,-08:00,2025-02-25T00:59:31-08:00,0,11
meta/meta.js,148,js,a3ac3eca,CherieXiao,2025-02-25,00:59:31,-08:00,2025-02-25T00:59:31-08:00,0,26
meta/meta.js,149,js,a3ac3eca,CherieXiao,2025-02-25,00:59:31,-08:00,2025-02-25T00:59:31-08:00,0,54
meta/meta.js,150,js,a3ac3eca,CherieXiao,2025-02-25,00:59:31,-08:00,2025-02-25T00:59:31-08:00,0,0
meta/meta.js,151,js,a3ac3eca,CherieXiao,2025-02-25,00:59:31,-08:00,2025-02-25T00:59:31-08:00,0,65
meta/meta.js,152,js,a3ac3eca,CherieXiao,2025-02-25,00:59:31,-08:00,2025-02-25T00:59:31-08:00,0,78
meta/meta.js,153,js,a3ac3eca,CherieXiao,2025-02-25,00:59:31,-08:00,2025-02-25T00:59:31-08:00,0,0
meta/meta.js,154,js,a3ac3eca,CherieXiao,2025-02-25,00:59:31,-08:00,2025-02-25T00:59:31-08:00,0,17
meta/meta.js,155,js,a3ac3eca,CherieXiao,2025-02-25,00:59:31,-08:00,2025-02-25T00:59:31-08:00,0,35
meta/meta.js,156,js,a3ac3eca,CherieXiao,2025-02-25,00:59:31,-08:00,2025-02-25T00:59:31-08:00,0,15
meta/meta.js,157,js,a3ac3eca,CherieXiao,2025-02-25,00:59:31,-08:00,2025-02-25T00:59:31-08:00,0,16
meta/meta.js,158,js,a3ac3eca,CherieXiao,2025-02-25,00:59:31,-08:00,2025-02-25T00:59:31-08:00,0,59
meta/meta.js,159,js,a3ac3eca,CherieXiao,2025-02-25,00:59:31,-08:00,2025-02-25T00:59:31-08:00,0,0
meta/meta.js,160,js,a3ac3eca,CherieXiao,2025-02-25,00:59:31,-08:00,2025-02-25T00:59:31-08:00,0,12
meta/meta.js,161,js,a3ac3eca,CherieXiao,2025-02-25,00:59:31,-08:00,2025-02-25T00:59:31-08:00,0,2
meta/meta.js,162,js,a3ac3eca,CherieXiao,2025-02-25,00:59:31,-08:00,2025-02-25T00:59:31-08:00,0,11
meta/meta.js,163,js,a3ac3eca,CherieXiao,2025-02-25,00:59:31,-08:00,2025-02-25T00:59:31-08:00,0,55
meta/meta.js,164,js,a3ac3eca,CherieXiao,2025-02-25,00:59:31,-08:00,2025-02-25T00:59:31-08:00,0,12
meta/meta.js,165,js,a3ac3eca,CherieXiao,2025-02-25,00:59:31,-08:00,2025-02-25T00:59:31-08:00,0,0
meta/meta.js,166,js,a3ac3eca,CherieXiao,2025-02-25,00:59:31,-08:00,2025-02-25T00:59:31-08:00,0,12
meta/meta.js,167,js,a3ac3eca,CherieXiao,2025-02-25,00:59:31,-08:00,2025-02-25T00:59:31-08:00,0,2
meta/meta.js,168,js,a3ac3eca,CherieXiao,2025-02-25,00:59:31,-08:00,2025-02-25T00:59:31-08:00,0,11
meta/meta.js,169,js,a3ac3eca,CherieXiao,2025-02-25,00:59:31,-08:00,2025-02-25T00:59:31-08:00,0,53
meta/meta.js,170,js,a3ac3eca,CherieXiao,2025-02-25,00:59:31,-08:00,2025-02-25T00:59:31-08:00,0,12
meta/meta.js,171,js,a3ac3eca,CherieXiao,2025-02-25,00:59:31,-08:00,2025-02-25T00:59:31-08:00,0,0
meta/meta.js,172,js,a3ac3eca,CherieXiao,2025-02-25,00:59:31,-08:00,2025-02-25T00:59:31-08:00,0,0
meta/meta.js,173,js,a3ac3eca,CherieXiao,2025-02-25,00:59:31,-08:00,2025-02-25T00:59:31-08:00,0,0
meta/meta.js,174,js,9a1c9833,CherieXiao,2025-02-25,02:54:38,-08:00,2025-02-25T02:54:38-08:00,0,0
meta/meta.js,175,js,9a1c9833,CherieXiao,2025-02-25,02:54:38,-08:00,2025-02-25T02:54:38-08:00,0,38
meta/meta.js,176,js,9a1c9833,CherieXiao,2025-02-25,02:54:38,-08:00,2025-02-25T02:54:38-08:00,0,51
meta/meta.js,177,js,9a1c9833,CherieXiao,2025-02-25,02:54:38,-08:00,2025-02-25T02:54:38-08:00,0,51
meta/meta.js,178,js,9a1c9833,CherieXiao,2025-02-25,02:54:38,-08:00,2025-02-25T02:54:38-08:00,0,0
meta/meta.js,179,js,9a1c9833,CherieXiao,2025-02-25,02:54:38,-08:00,2025-02-25T02:54:38-08:00,0,44
meta/meta.js,180,js,9a1c9833,CherieXiao,2025-02-25,02:54:38,-08:00,2025-02-25T02:54:38-08:00,0,0
meta/meta.js,181,js,9a1c9833,CherieXiao,2025-02-25,02:54:38,-08:00,2025-02-25T02:54:38-08:00,0,22
meta/meta.js,182,js,9a1c9833,CherieXiao,2025-02-25,02:54:38,-08:00,2025-02-25T02:54:38-08:00,0,28
meta/meta.js,183,js,9a1c9833,CherieXiao,2025-02-25,02:54:38,-08:00,2025-02-25T02:54:38-08:00,0,57
meta/meta.js,184,js,9a1c9833,CherieXiao,2025-02-25,02:54:38,-08:00,2025-02-25T02:54:38-08:00,0,17
meta/meta.js,185,js,9a1c9833,CherieXiao,2025-02-25,02:54:38,-08:00,2025-02-25T02:54:38-08:00,0,2
meta/meta.js,186,js,9a1c9833,CherieXiao,2025-02-25,02:54:38,-08:00,2025-02-25T02:54:38-08:00,0,0
meta/meta.js,187,js,9a1c9833,CherieXiao,2025-02-25,02:54:38,-08:00,2025-02-25T02:54:38-08:00,0,0
meta/meta.js,188,js,9a1c9833,CherieXiao,2025-02-25,02:54:38,-08:00,2025-02-25T02:54:38-08:00,0,44
meta/meta.js,189,js,9a1c9833,CherieXiao,2025-02-25,02:54:38,-08:00,2025-02-25T02:54:38-08:00,0,57
meta/meta.js,190,js,9a1c9833,CherieXiao,2025-02-25,02:54:38,-08:00,2025-02-25T02:54:38-08:00,0,27
meta/meta.js,191,js,9a1c9833,CherieXiao,2025-02-25,02:54:38,-08:00,2025-02-25T02:54:38-08:00,0,0
meta/meta.js,192,js,9a1c9833,CherieXiao,2025-02-25,02:54:38,-08:00,2025-02-25T02:54:38-08:00,0,0
meta/meta.js,193,js,9a1c9833,CherieXiao,2025-02-25,02:54:38,-08:00,2025-02-25T02:54:38-08:00,0,38
meta/meta.js,194,js,9a1c9833,CherieXiao,2025-02-25,02:54:38,-08:00,2025-02-25T02:54:38-08:00,0,57
meta/meta.js,195,js,9a1c9833,CherieXiao,2025-02-25,02:54:38,-08:00,2025-02-25T02:54:38-08:00,0,41
meta/meta.js,196,js,9a1c9833,CherieXiao,2025-02-25,02:54:38,-08:00,2025-02-25T02:54:38-08:00,0,40
meta/meta.js,197,js,9a1c9833,CherieXiao,2025-02-25,02:54:38,-08:00,2025-02-25T02:54:38-08:00,0,0
meta/index.html,1,html,09172d7a,CherieXiao,2025-02-20,21:59:53,-08:00,2025-02-20T21:59:53-08:00,0,14
meta/index.html,2,html,09172d7a,CherieXiao,2025-02-20,21:59:53,-08:00,2025-02-20T21:59:53-08:00,0,15
meta/index.html,3,html,1922437e,CherieXiao,2025-02-24,19:35:12,-08:00,2025-02-24T19:35:12-08:00,0,0
meta/index.html,4,html,09172d7a,CherieXiao,2025-02-20,21:59:53,-08:00,2025-02-20T21:59:53-08:00,0,5
meta/index.html,5,html,09172d7a,CherieXiao,2025-02-20,21:59:53,-08:00,2025-02-20T21:59:53-08:00,0,21
meta/index.html,6,html,09172d7a,CherieXiao,2025-02-20,21:59:53,-08:00,2025-02-20T21:59:53-08:00,0,69
meta/index.html,7,html,09172d7a,CherieXiao,2025-02-20,21:59:53,-08:00,2025-02-20T21:59:53-08:00,0,18
meta/index.html,8,html,1922437e,CherieXiao,2025-02-24,19:35:12,-08:00,2025-02-24T19:35:12-08:00,0,0
meta/index.html,9,html,1922437e,CherieXiao,2025-02-24,19:35:12,-08:00,2025-02-24T19:35:12-08:00,0,42
meta/index.html,10,html,a3ac3eca,CherieXiao,2025-02-25,00:59:31,-08:00,2025-02-25T00:59:31-08:00,0,49
meta/index.html,11,html,a3ac3eca,CherieXiao,2025-02-25,00:59:31,-08:00,2025-02-25T00:59:31-08:00,0,44
meta/index.html,12,html,a3ac3eca,CherieXiao,2025-02-25,00:59:31,-08:00,2025-02-25T00:59:31-08:00,0,52
meta/index.html,13,html,09172d7a,CherieXiao,2025-02-20,21:59:53,-08:00,2025-02-20T21:59:53-08:00,0,6
meta/index.html,14,html,1922437e,CherieXiao,2025-02-24,19:35:12,-08:00,2025-02-24T19:35:12-08:00,0,0
meta/index.html,15,html,09172d7a,CherieXiao,2025-02-20,21:59:53,-08:00,2025-02-20T21:59:53-08:00,0,5
meta/index.html,16,html,09172d7a,CherieXiao,2025-02-20,21:59:53,-08:00,2025-02-20T21:59:53-08:00,0,12
meta/index.html,17,html,1922437e,CherieXiao,2025-02-24,19:35:12,-08:00,2025-02-24T19:35:12-08:00,0,21
meta/index.html,18,html,a3ac3eca,CherieXiao,2025-02-25,00:59:31,-08:00,2025-02-25T00:59:31-08:00,0,30
meta/index.html,19,html,a3ac3eca,CherieXiao,2025-02-25,00:59:31,-08:00,2025-02-25T00:59:31-08:00,0,21
meta/index.html,20,html,9a1c9833,CherieXiao,2025-02-25,02:54:38,-08:00,2025-02-25T02:54:38-08:00,0,44
meta/index.html,21,html,9a1c9833,CherieXiao,2025-02-25,02:54:38,-08:00,2025-02-25T02:54:38-08:00,0,14
meta/index.html,22,html,9a1c9833,CherieXiao,2025-02-25,02:54:38,-08:00,2025-02-25T02:54:38-08:00,0,3
meta/index.html,23,html,9a1c9833,CherieXiao,2025-02-25,02:54:38,-08:00,2025-02-25T02:54:38-08:00,0,47
meta/index.html,24,html,9a1c9833,CherieXiao,2025-02-25,02:54:38,-08:00,2025-02-25T02:54:38-08:00,0,4
meta/index.html,25,html,9a1c9833,CherieXiao,2025-02-25,02:54:38,-08:00,2025-02-25T02:54:38-08:00,0,0
meta/index.html,26,html,9a1c9833,CherieXiao,2025-02-25,02:54:38,-08:00,2025-02-25T02:54:38-08:00,0,12
meta/index.html,27,html,9a1c9833,CherieXiao,2025-02-25,02:54:38,-08:00,2025-02-25T02:54:38-08:00,0,25
meta/index.html,28,html,9a1c9833,CherieXiao,2025-02-25,02:54:38,-08:00,2025-02-25T02:54:38-08:00,0,0
meta/index.html,29,html,9a1c9833,CherieXiao,2025-02-25,02:54:38,-08:00,2025-02-25T02:54:38-08:00,0,39
meta/index.html,30,html,9a1c9833,CherieXiao,2025-02-25,02:54:38,-08:00,2025-02-25T02:54:38-08:00,0,4
meta/index.html,31,html,09172d7a,CherieXiao,2025-02-20,21:59:53,-08:00,2025-02-20T21:59:53-08:00,0,6
meta/index.html,32,html,09172d7a,CherieXiao,2025-02-20,21:59:53,-08:00,2025-02-20T21:59:53-08:00,0,6
contact/index.html,1,html,e2ff213f,CherieXiao,2025-01-11,23:15:28,-08:00,2025-01-11T23:15:28-08:00,0,14
contact/index.html,2,html,e2ff213f,CherieXiao,2025-01-11,23:15:28,-08:00,2025-01-11T23:15:28-08:00,0,15
contact/index.html,3,html,7883f213,CherieXiao,2025-01-25,12:47:38,-08:00,2025-01-25T12:47:38-08:00,0,0
contact/index.html,4,html,e2ff213f,CherieXiao,2025-01-11,23:15:28,-08:00,2025-01-11T23:15:28-08:00,0,5
contact/index.html,5,html,e2ff213f,CherieXiao,2025-01-11,23:15:28,-08:00,2025-01-11T23:15:28-08:00,0,21
contact/index.html,6,html,e2ff213f,CherieXiao,2025-01-11,23:15:28,-08:00,2025-01-11T23:15:28-08:00,0,69
contact/index.html,7,html,e2ff213f,CherieXiao,2025-01-11,23:15:28,-08:00,2025-01-11T23:15:28-08:00,0,21
contact/index.html,8,html,71ef291f,CherieXiao,2025-01-17,18:16:47,-08:00,2025-01-17T18:16:47-08:00,0,0
contact/index.html,9,html,71ef291f,CherieXiao,2025-01-17,18:16:47,-08:00,2025-01-17T18:16:47-08:00,0,42
contact/index.html,10,html,7883f213,CherieXiao,2025-01-25,12:47:38,-08:00,2025-01-25T12:47:38-08:00,0,0
contact/index.html,11,html,e2ff213f,CherieXiao,2025-01-11,23:15:28,-08:00,2025-01-11T23:15:28-08:00,0,6
contact/index.html,12,html,71ef291f,CherieXiao,2025-01-17,18:16:47,-08:00,2025-01-17T18:16:47-08:00,0,0
contact/index.html,13,html,e2ff213f,CherieXiao,2025-01-11,23:15:28,-08:00,2025-01-11T23:15:28-08:00,0,5
contact/index.html,14,html,7883f213,CherieXiao,2025-01-25,12:47:38,-08:00,2025-01-25T12:47:38-08:00,0,49
contact/index.html,15,html,7883f213,CherieXiao,2025-01-25,12:47:38,-08:00,2025-01-25T12:47:38-08:00,0,9
contact/index.html,16,html,df20fa0d,CherieXiao,2025-01-17,20:07:13,-08:00,2025-01-17T20:07:13-08:00,0,35
contact/index.html,17,html,cb4e50ce,CherieXiao,2025-01-17,14:23:11,-08:00,2025-01-17T14:23:11-08:00,0,48
contact/index.html,18,html,71ef291f,CherieXiao,2025-01-17,18:16:47,-08:00,2025-01-17T18:16:47-08:00,0,36
contact/index.html,19,html,df20fa0d,CherieXiao,2025-01-17,20:07:13,-08:00,2025-01-17T20:07:13-08:00,0,36
contact/index.html,20,html,df20fa0d,CherieXiao,2025-01-17,20:07:13,-08:00,2025-01-17T20:07:13-08:00,0,69
contact/index.html,21,html,7883f213,CherieXiao,2025-01-25,12:47:38,-08:00,2025-01-25T12:47:38-08:00,0,9
contact/index.html,22,html,7883f213,CherieXiao,2025-01-25,12:47:38,-08:00,2025-01-25T12:47:38-08:00,0,25
contact/index.html,23,html,b49df290,CherieXiao,2025-01-11,23:37:53,-08:00,2025-01-11T23:37:53-08:00,0,38
contact/index.html,24,html,b49df290,CherieXiao,2025-01-11,23:37:53,-08:00,2025-01-11T23:37:53-08:00,0,12
contact/index.html,25,html,b49df290,CherieXiao,2025-01-11,23:37:53,-08:00,2025-01-11T23:37:53-08:00,0,20
contact/index.html,26,html,f064f4d3,CherieXiao,2025-01-17,20:15:55,-08:00,2025-01-17T20:15:55-08:00,0,20
contact/index.html,27,html,8a1ea5b0,CherieXiao,2025-01-17,12:27:56,-08:00,2025-01-17T12:27:56-08:00,0,33
contact/index.html,28,html,f064f4d3,CherieXiao,2025-01-17,20:15:55,-08:00,2025-01-17T20:15:55-08:00,0,22
contact/index.html,29,html,8a1ea5b0,CherieXiao,2025-01-17,12:27:56,-08:00,2025-01-17T12:27:56-08:00,0,22
contact/index.html,30,html,f064f4d3,CherieXiao,2025-01-17,20:15:55,-08:00,2025-01-17T20:15:55-08:00,0,22
contact/index.html,31,html,8a1ea5b0,CherieXiao,2025-01-17,12:27:56,-08:00,2025-01-17T12:27:56-08:00,0,33
contact/index.html,32,html,f064f4d3,CherieXiao,2025-01-17,20:15:55,-08:00,2025-01-17T20:15:55-08:00,0,22
contact/index.html,33,html,b49df290,CherieXiao,2025-01-11,23:37:53,-08:00,2025-01-11T23:37:53-08:00,0,6
contact/index.html,34,html,e2ff213f,CherieXiao,2025-01-11,23:15:28,-08:00,2025-01-11T23:15:28-08:00,0,6
contact/index.html,35,html,e2ff213f,CherieXiao,2025-01-11,23:15:28,-08:00,2025-01-11T23:15:28-08:00,0,6
CV/index.html,1,html,45c81af3,CherieXiao,2025-01-17,17:35:34,-08:00,2025-01-17T17:35:34-08:00,0,14
CV/index.html,2,html,45c81af3,CherieXiao,2025-01-17,17:35:34,-08:00,2025-01-17T17:35:34-08:00,0,15
CV/index.html,3,html,7883f213,CherieXiao,2025-01-25,12:47:38,-08:00,2025-01-25T12:47:38-08:00,0,0
CV/index.html,4,html,45c81af3,CherieXiao,2025-01-17,17:35:34,-08:00,2025-01-17T17:35:34-08:00,0,5
CV/index.html,5,html,45c81af3,CherieXiao,2025-01-17,17:35:34,-08:00,2025-01-17T17:35:34-08:00,0,21
CV/index.html,6,html,45c81af3,CherieXiao,2025-01-17,17:35:34,-08:00,2025-01-17T17:35:34-08:00,0,69
CV/index.html,7,html,45c81af3,CherieXiao,2025-01-17,17:35:34,-08:00,2025-01-17T17:35:34-08:00,0,16
CV/index.html,8,html,5ed33604,CherieXiao,2025-01-17,22:04:30,-08:00,2025-01-17T22:04:30-08:00,0,0
CV/index.html,9,html,71ef291f,CherieXiao,2025-01-17,18:16:47,-08:00,2025-01-17T18:16:47-08:00,0,42
CV/index.html,10,html,1d673137,CherieXiao,2025-01-24,15:07:58,-08:00,2025-01-24T15:07:58-08:00,0,0
CV/index.html,11,html,7883f213,CherieXiao,2025-01-25,12:47:38,-08:00,2025-01-25T12:47:38-08:00,0,0
CV/index.html,12,html,45c81af3,CherieXiao,2025-01-17,17:35:34,-08:00,2025-01-17T17:35:34-08:00,0,6
CV/index.html,13,html,7883f213,CherieXiao,2025-01-25,12:47:38,-08:00,2025-01-25T12:47:38-08:00,0,0
CV/index.html,14,html,45c81af3,CherieXiao,2025-01-17,17:35:34,-08:00,2025-01-17T17:35:34-08:00,0,5
CV/index.html,15,html,7883f213,CherieXiao,2025-01-25,12:47:38,-08:00,2025-01-25T12:47:38-08:00,0,49
CV/index.html,16,html,7883f213,CherieXiao,2025-01-25,12:47:38,-08:00,2025-01-25T12:47:38-08:00,0,9
CV/index.html,17,html,5ed33604,CherieXiao,2025-01-17,22:04:30,-08:00,2025-01-17T22:04:30-08:00,0,35
CV/index.html,18,html,45c81af3,CherieXiao,2025-01-17,17:35:34,-08:00,2025-01-17T17:35:34-08:00,0,48
CV/index.html,19,html,71ef291f,CherieXiao,2025-01-17,18:16:47,-08:00,2025-01-17T18:16:47-08:00,0,30
CV/index.html,20,html,5ed33604,CherieXiao,2025-01-17,22:04:30,-08:00,2025-01-17T22:04:30-08:00,0,47
CV/index.html,21,html,5ed33604,CherieXiao,2025-01-17,22:04:30,-08:00,2025-01-17T22:04:30-08:00,0,69
CV/index.html,22,html,7883f213,CherieXiao,2025-01-25,12:47:38,-08:00,2025-01-25T12:47:38-08:00,0,9
CV/index.html,23,html,45c81af3,CherieXiao,2025-01-17,17:35:34,-08:00,2025-01-17T17:35:34-08:00,0,19
CV/index.html,24,html,45c81af3,CherieXiao,2025-01-17,17:35:34,-08:00,2025-01-17T17:35:34-08:00,0,8
CV/index.html,25,html,45c81af3,CherieXiao,2025-01-17,17:35:34,-08:00,2025-01-17T17:35:34-08:00,0,7
CV/index.html,26,html,45c81af3,CherieXiao,2025-01-17,17:35:34,-08:00,2025-01-17T17:35:34-08:00,0,28
CV/index.html,27,html,45c81af3,CherieXiao,2025-01-17,17:35:34,-08:00,2025-01-17T17:35:34-08:00,0,8
CV/index.html,28,html,45c81af3,CherieXiao,2025-01-17,17:35:34,-08:00,2025-01-17T17:35:34-08:00,0,2
CV/index.html,29,html,45c81af3,CherieXiao,2025-01-17,17:35:34,-08:00,2025-01-17T17:35:34-08:00,0,29
CV/index.html,30,html,45c81af3,CherieXiao,2025-01-17,17:35:34,-08:00,2025-01-17T17:35:34-08:00,0,25
CV/index.html,31,html,45c81af3,CherieXiao,2025-01-17,17:35:34,-08:00,2025-01-17T17:35:34-08:00,0,20
CV/index.html,32,html,45c81af3,CherieXiao,2025-01-17,17:35:34,-08:00,2025-01-17T17:35:34-08:00,0,144
CV/index.html,33,html,45c81af3,CherieXiao,2025-01-17,17:35:34,-08:00,2025-01-17T17:35:34-08:00,0,3
CV/index.html,34,html,45c81af3,CherieXiao,2025-01-17,17:35:34,-08:00,2025-01-17T17:35:34-08:00,0,9
CV/index.html,35,html,45c81af3,CherieXiao,2025-01-17,17:35:34,-08:00,2025-01-17T17:35:34-08:00,0,0
CV/index.html,36,html,45c81af3,CherieXiao,2025-01-17,17:35:34,-08:00,2025-01-17T17:35:34-08:00,0,8
CV/index.html,37,html,45c81af3,CherieXiao,2025-01-17,17:35:34,-08:00,2025-01-17T17:35:34-08:00,0,7
CV/index.html,38,html,45c81af3,CherieXiao,2025-01-17,17:35:34,-08:00,2025-01-17T17:35:34-08:00,0,17
CV/index.html,39,html,45c81af3,CherieXiao,2025-01-17,17:35:34,-08:00,2025-01-17T17:35:34-08:00,0,8
CV/index.html,40,html,45c81af3,CherieXiao,2025-01-17,17:35:34,-08:00,2025-01-17T17:35:34-08:00,0,2
CV/index.html,41,html,45c81af3,CherieXiao,2025-01-17,17:35:34,-08:00,2025-01-17T17:35:34-08:00,0,95
CV/index.html,42,html,45c81af3,CherieXiao,2025-01-17,17:35:34,-08:00,2025-01-17T17:35:34-08:00,0,55
CV/index.html,43,html,45c81af3,CherieXiao,2025-01-17,17:35:34,-08:00,2025-01-17T17:35:34-08:00,0,49
CV/index.html,44,html,45c81af3,CherieXiao,2025-01-17,17:35:34,-08:00,2025-01-17T17:35:34-08:00,0,22
CV/index.html,45,html,45c81af3,CherieXiao,2025-01-17,17:35:34,-08:00,2025-01-17T17:35:34-08:00,0,116
CV/index.html,46,html,45c81af3,CherieXiao,2025-01-17,17:35:34,-08:00,2025-01-17T17:35:34-08:00,0,3
CV/index.html,47,html,45c81af3,CherieXiao,2025-01-17,17:35:34,-08:00,2025-01-17T17:35:34-08:00,0,9
CV/index.html,48,html,45c81af3,CherieXiao,2025-01-17,17:35:34,-08:00,2025-01-17T17:35:34-08:00,0,0
CV/index.html,49,html,45c81af3,CherieXiao,2025-01-17,17:35:34,-08:00,2025-01-17T17:35:34-08:00,0,8
CV/index.html,50,html,45c81af3,CherieXiao,2025-01-17,17:35:34,-08:00,2025-01-17T17:35:34-08:00,0,7
CV/index.html,51,html,45c81af3,CherieXiao,2025-01-17,17:35:34,-08:00,2025-01-17T17:35:34-08:00,0,20
CV/index.html,52,html,45c81af3,CherieXiao,2025-01-17,17:35:34,-08:00,2025-01-17T17:35:34-08:00,0,8
CV/index.html,53,html,45c81af3,CherieXiao,2025-01-17,17:35:34,-08:00,2025-01-17T17:35:34-08:00,0,2
CV/index.html,54,html,45c81af3,CherieXiao,2025-01-17,17:35:34,-08:00,2025-01-17T17:35:34-08:00,0,115
CV/index.html,55,html,45c81af3,CherieXiao,2025-01-17,17:35:34,-08:00,2025-01-17T17:35:34-08:00,0,114
CV/index.html,56,html,45c81af3,CherieXiao,2025-01-17,17:35:34,-08:00,2025-01-17T17:35:34-08:00,0,13
CV/index.html,57,html,45c81af3,CherieXiao,2025-01-17,17:35:34,-08:00,2025-01-17T17:35:34-08:00,0,3
CV/index.html,58,html,45c81af3,CherieXiao,2025-01-17,17:35:34,-08:00,2025-01-17T17:35:34-08:00,0,9
CV/index.html,59,html,45c81af3,CherieXiao,2025-01-17,17:35:34,-08:00,2025-01-17T17:35:34-08:00,0,8
CV/index.html,60,html,45c81af3,CherieXiao,2025-01-17,17:35:34,-08:00,2025-01-17T17:35:34-08:00,0,7
CV/index.html,61,html,45c81af3,CherieXiao,2025-01-17,17:35:34,-08:00,2025-01-17T17:35:34-08:00,0,27
CV/index.html,62,html,45c81af3,CherieXiao,2025-01-17,17:35:34,-08:00,2025-01-17T17:35:34-08:00,0,8
CV/index.html,63,html,45c81af3,CherieXiao,2025-01-17,17:35:34,-08:00,2025-01-17T17:35:34-08:00,0,8
CV/index.html,64,html,45c81af3,CherieXiao,2025-01-17,17:35:34,-08:00,2025-01-17T17:35:34-08:00,0,7
CV/index.html,65,html,45c81af3,CherieXiao,2025-01-17,17:35:34,-08:00,2025-01-17T17:35:34-08:00,0,2
CV/index.html,66,html,45c81af3,CherieXiao,2025-01-17,17:35:34,-08:00,2025-01-17T17:35:34-08:00,0,86
CV/index.html,67,html,45c81af3,CherieXiao,2025-01-17,17:35:34,-08:00,2025-01-17T17:35:34-08:00,0,67
CV/index.html,68,html,45c81af3,CherieXiao,2025-01-17,17:35:34,-08:00,2025-01-17T17:35:34-08:00,0,76
CV/index.html,69,html,45c81af3,CherieXiao,2025-01-17,17:35:34,-08:00,2025-01-17T17:35:34-08:00,0,3
CV/index.html,70,html,45c81af3,CherieXiao,2025-01-17,17:35:34,-08:00,2025-01-17T17:35:34-08:00,0,8
CV/index.html,71,html,45c81af3,CherieXiao,2025-01-17,17:35:34,-08:00,2025-01-17T17:35:34-08:00,0,2
CV/index.html,72,html,45c81af3,CherieXiao,2025-01-17,17:35:34,-08:00,2025-01-17T17:35:34-08:00,0,120
CV/index.html,73,html,45c81af3,CherieXiao,2025-01-17,17:35:34,-08:00,2025-01-17T17:35:34-08:00,0,95
CV/index.html,74,html,45c81af3,CherieXiao,2025-01-17,17:35:34,-08:00,2025-01-17T17:35:34-08:00,0,159
CV/index.html,75,html,45c81af3,CherieXiao,2025-01-17,17:35:34,-08:00,2025-01-17T17:35:34-08:00,0,52
CV/index.html,76,html,45c81af3,CherieXiao,2025-01-17,17:35:34,-08:00,2025-01-17T17:35:34-08:00,0,74
CV/index.html,77,html,45c81af3,CherieXiao,2025-01-17,17:35:34,-08:00,2025-01-17T17:35:34-08:00,0,3
CV/index.html,78,html,45c81af3,CherieXiao,2025-01-17,17:35:34,-08:00,2025-01-17T17:35:34-08:00,0,9
CV/index.html,79,html,45c81af3,CherieXiao,2025-01-17,17:35:34,-08:00,2025-01-17T17:35:34-08:00,0,0
CV/index.html,80,html,45c81af3,CherieXiao,2025-01-17,17:35:34,-08:00,2025-01-17T17:35:34-08:00,0,8
CV/index.html,81,html,45c81af3,CherieXiao,2025-01-17,17:35:34,-08:00,2025-01-17T17:35:34-08:00,0,7
CV/index.html,82,html,45c81af3,CherieXiao,2025-01-17,17:35:34,-08:00,2025-01-17T17:35:34-08:00,0,2
CV/index.html,83,html,45c81af3,CherieXiao,2025-01-17,17:35:34,-08:00,2025-01-17T17:35:34-08:00,0,89
CV/index.html,84,html,45c81af3,CherieXiao,2025-01-17,17:35:34,-08:00,2025-01-17T17:35:34-08:00,0,102
CV/index.html,85,html,45c81af3,CherieXiao,2025-01-17,17:35:34,-08:00,2025-01-17T17:35:34-08:00,0,76
CV/index.html,86,html,45c81af3,CherieXiao,2025-01-17,17:35:34,-08:00,2025-01-17T17:35:34-08:00,0,3
CV/index.html,87,html,45c81af3,CherieXiao,2025-01-17,17:35:34,-08:00,2025-01-17T17:35:34-08:00,0,8
CV/index.html,88,html,45c81af3,CherieXiao,2025-01-17,17:35:34,-08:00,2025-01-17T17:35:34-08:00,0,2
CV/index.html,89,html,45c81af3,CherieXiao,2025-01-17,17:35:34,-08:00,2025-01-17T17:35:34-08:00,0,90
CV/index.html,90,html,45c81af3,CherieXiao,2025-01-17,17:35:34,-08:00,2025-01-17T17:35:34-08:00,0,80
CV/index.html,91,html,45c81af3,CherieXiao,2025-01-17,17:35:34,-08:00,2025-01-17T17:35:34-08:00,0,65
CV/index.html,92,html,45c81af3,CherieXiao,2025-01-17,17:35:34,-08:00,2025-01-17T17:35:34-08:00,0,51
CV/index.html,93,html,45c81af3,CherieXiao,2025-01-17,17:35:34,-08:00,2025-01-17T17:35:34-08:00,0,3
CV/index.html,94,html,45c81af3,CherieXiao,2025-01-17,17:35:34,-08:00,2025-01-17T17:35:34-08:00,0,9
CV/index.html,95,html,45c81af3,CherieXiao,2025-01-17,17:35:34,-08:00,2025-01-17T17:35:34-08:00,0,9
CV/index.html,96,html,45c81af3,CherieXiao,2025-01-17,17:35:34,-08:00,2025-01-17T17:35:34-08:00,0,8
CV/index.html,97,html,45c81af3,CherieXiao,2025-01-17,17:35:34,-08:00,2025-01-17T17:35:34-08:00,0,7
CV/index.html,98,html,45c81af3,CherieXiao,2025-01-17,17:35:34,-08:00,2025-01-17T17:35:34-08:00,0,20
CV/index.html,99,html,45c81af3,CherieXiao,2025-01-17,17:35:34,-08:00,2025-01-17T17:35:34-08:00,0,8
CV/index.html,100,html,45c81af3,CherieXiao,2025-01-17,17:35:34,-08:00,2025-01-17T17:35:34-08:00,0,3
CV/index.html,101,html,45c81af3,CherieXiao,2025-01-17,17:35:34,-08:00,2025-01-17T17:35:34-08:00,0,58
CV/index.html,102,html,45c81af3,CherieXiao,2025-01-17,17:35:34,-08:00,2025-01-17T17:35:34-08:00,0,83
CV/index.html,103,html,45c81af3,CherieXiao,2025-01-17,17:35:34,-08:00,2025-01-17T17:35:34-08:00,0,97
CV/index.html,104,html,45c81af3,CherieXiao,2025-01-17,17:35:34,-08:00,2025-01-17T17:35:34-08:00,0,4
CV/index.html,105,html,45c81af3,CherieXiao,2025-01-17,17:35:34,-08:00,2025-01-17T17:35:34-08:00,0,9
CV/index.html,106,html,45c81af3,CherieXiao,2025-01-17,17:35:34,-08:00,2025-01-17T17:35:34-08:00,0,0
CV/index.html,107,html,45c81af3,CherieXiao,2025-01-17,17:35:34,-08:00,2025-01-17T17:35:34-08:00,0,6
CV/index.html,108,html,45c81af3,CherieXiao,2025-01-17,17:35:34,-08:00,2025-01-17T17:35:34-08:00,0,6
